claim_id,claim,scope,proof,checker,source_or_test,experiment,figure_or_table,raw_result,maturity,fresh_recheck
C1,Accepted factorized certificates equal the finite source semantics pointwise,Validated bounded DSL; all modeled assignments,docs/proofs.md P1,rrc/factor_checker.py check_factorized,60 unit tests; independent closed-form expectations for all 24 fixtures; all 664 cases,"32,139 assignments; 1,212,076 semantic steps; 4,223,861 diagram visits",Paper Theorem 2; result table,results/measured/deterministic-case-results.json,proved_by_argument;finite_checked,Fresh reproduction matched all 664 bundles
C2,"Accepted summaries equal exact feasible-world profiles, may sets, and robust sets",Finite target table and explicit feasibility; robust is null on empty feasible domain,docs/proofs.md P2,rrc/factor_checker.py check_factorized,Empty-domain and aggregate-mutation fixtures,Flat and factorized summaries agree on all 664 cases,Paper Theorem 2,results/measured/case-results.json,proved_by_argument;finite_checked,Rechecked in clean reproduction
C3,Every finite source has an in-memory ordered decision-diagram certificate,Fixed bit order; serialization and node caps are separate,docs/proofs.md P3,rrc/factor.py SharedMTBDD,Factorized admission and width tests,"4,096-assignment flat quoted-string lower bound 19,456,000 bytes; factorized 456,563 bytes",Paper representation boundary,results/measured/negative-controls.json,proved_by_construction;finite_checked,Stress family rebuilt and checked
C4,A checked missing-target witness retains the omitted target in all matching feasible worlds,Analyzer-relative omitted exact may target,docs/proofs.md P4,rrc/missing_witness.py check_missing_target_witness,All campaign witnesses,"1,826 checked records for 913 selected target/base pairs; 1,259 within-case unique; 567 duplicates",Paper retention definition and theorem,results/measured/certificates,proved_by_definition;finite_checked,"All 1,826 records rechecked; public stratum 80 records / 40 unique"
C5,Necessity worlds imply subset-minimality,"Inclusion minimality, not minimum cardinality",docs/proofs.md P5-P7b,rrc/missing_witness.py,"Multi-coordinate fixtures, generated families, and explicit three-bit cardinality counterexample","3,555 selected coordinates; maximum width 5; minima {0} and {1,2} checked under opposite orders",Paper minimality theorem; witness figure,results/measured/case-results.json,proved_by_argument;finite_checked,Clean reproduction matched witnesses; explicit subset enumeration found exactly two minima
C6,"A unique least witness need not exist, and greedy inclusion-minimal witnesses need not have minimum cardinality",Correlated finite external worlds,docs/proofs.md P7-P7b,rrc/oracle.py; rrc/witness_counterexamples.py; witness checker,"Witness figure, generated families, and three-bit different-cardinality table","346 alternative pairs; 13,696 exhaustive bases with multiple minima; orders return sizes 2 and 1 in explicit table",Paper counterexamples; witness figure,results/measured/negative-controls.json; results/measured/oracle-chunks.json,proved_by_counterexample;finite_checked,Oracle mismatch count zero; both different-cardinality witnesses accepted
C7,Direct minimal-observation enumeration agrees with an independent hitting-set construction on the exhaustive small spaces,Two finite semantic-table spaces only,docs/proofs.md P5-P7,rrc/oracle.py,"All 7,186 tables","36,992 anchors; 213,952 deletion orders; zero mismatches",Paper oracle subsection; fault table,results/measured/oracle-chunks.json,exhaustive_finite_check,Clean reproduction matched oracle output
C8,Shared factorization reduces aggregate transfer size but expands many small cases,Frozen 664-case corpus and compact JSON serialization,Measured claim,reproduce.py,All exact inputs,"14,279,992 flat bytes; 3,329,807 factor bytes; 511 smaller; 153 larger; median 1.794; geometric mean 1.959",Paper compression figure and result table,results/measured/case-results.csv,measured,Deterministic case results matched
C9,Nonrelational string-set and constant-only baselines overapproximate the exact finite target sets,Transparent local baselines; not executions of prior systems,Baseline containment argument,rrc/baselines.py,All 664 cases,"1,105 and 3,976 extra identities; no missing exact target",Paper baseline results,results/measured/case-results.csv,measured,Containment rechecked on full campaign
C10,The accepted Java expression/event translation preserves finite identities for every frontend Boolean assignment,Declared straight-line syntax; Boolean equality only; explicit pinned-source API identity premises; target table supplied separately,docs/proofs.md P0; docs/frontend.md,rrc/java_frontend.py and finite checker,SupportedFinite.java; RuntimeFinite.java; public source audit assumptions,8 finite event checks; 8 runtime class/member identity checks,Paper source-bridge theorem,results/measured/frontend-results.json,proved_by_argument;finite_checked;runtime_checked,All four runtime worlds matched; simple Class/application-loader uses carry audited premises
C11,Unsupported Java constructs and unaudited/shadowed reflection APIs fail closed; ordinary same-named methods are ignored,"Seven original rejection classes, seven bridge-risk events, one nonreflection control",docs/frontend.md,frontend/JavaReflectionExtractor.java,Unsupported*.java; UnrelatedMethods.java; frontend/bridge_risks/*.java,7 original rejection matches; 7 bridge-risk rejections; 9 matching JVM hazard executions; 1 zero-event control,Paper source-bridge and fault evidence,results/measured/frontend-results.json,finite_checked,Bridge-risk sources compiled/executed and extractor rejection reasons matched
C12,Twenty-nine public cases are constructed from exact pinned Java source events,Nine redistributed DroidRA files; event-level extraction only,docs/proofs.md P0,verify_inputs.py; rrc/java_frontend.py; rrc/public_cases.py,docs/public-provenance.csv; frontend/public-gold.json,9 blob matches; 29 accepted events; 29 gold matches; zero rejected; 20 Class and 9 loader audit premises,Paper corpus and bridge results,results/measured/frontend-results.json,provenance_checked;source_extracted,Programs rebuilt from AST records; every accepted identity premise matched the pinned audit
C13,Eleven remaining DroidBench cases trace manual finite projections to pinned source operations,Manual finite projections only; no redistributed source or automatic extraction,Provenance inspection,verify_inputs.py; rrc/public_cases.py,docs/public-provenance.csv,11 manual records across four apps,Paper corpus and limitations,docs/public-provenance.csv,provenance_checked;finite_projection,Manual and automatic modes remain distinct
C14,"Seeded certificate, dispatch, and witness faults fail closed",Five declared mutation classes; not exhaustive adversarial security testing,Executable rejection,reproduce.py controls,"F06-derived source, terminal, action, and necessity mutations",All five rejected; invoke-all counterexample retained,Paper fault table,results/measured/negative-controls.json,finite_checked,Clean reproduction matched controls
C15,The complete campaign is reproducible from the standalone repository,Python standard library plus JDK; deterministic equality excludes host timing and RSS,Executable reproduction,verify_inputs.py; reproduce.py; compare_results.py,Fresh measured and reproduced directories; independent fixture oracle; bridge-risk executions,"664 bundles matched; 60 tests passed; uninterrupted run 36.30 CPU seconds and 140,912 KiB RSS",Paper Data Availability,results/measured,measured;reproduced,Second fresh output matched every claim-bearing object
C16,The manuscript cites a synchronized bibliography of at least 55 scholarly works,59 compiled and cited entries; metadata audit is offline and source-linked,Inventory consistency,verify_bibliography.py and LaTeX/BibTeX build,paper/references.bib; docs/references.bib; docs/bibliography-audit.csv; docs/literature.csv,59 entries and citations; 54 unique DOI records; 5 no-DOI primary records; no duplicates,Paper Related Work and references,results/measured/bibliography-results.json,bibliographic_audit;compiled,Final build contains 59 bibitems and 21 physical pages
C17,Finite direct dispatch preserves the complete bounded site-action trace,Declared finite source and supplied target table; no general Java call semantics,docs/proofs.md P11; docs/dispatch.md,rrc/dispatch_checker.py check_direct_dispatch,All 664 cases and dispatch mutations,"78,705 events; 49,891 invokes; 3,019 lookup errors; 9,362 skipped; 16,433 infeasible; zero mismatches",Paper direct-dispatch theorem; pipeline; results table,results/measured/deterministic-case-results.json,proved_by_argument;finite_checked,All dispatch bundles and traces matched
C18,The bounded Java direct-call pilot matches reflection under its fixed calling convention,"Four Boolean worlds, three payloads, self-contained classes and methods only",docs/proofs.md P12; docs/frontend.md,rrc/java_frontend.py direct_call_probe_record,frontend/runtime/RuntimeInvoke.java and generated direct method,12 of 12 reflective/direct return comparisons matched,Paper source-bridge evaluation,results/measured/frontend-results.json,runtime_checked;bounded_pilot,Pilot rerun by verify_inputs and unit tests
C19,"Claims do not lift automatically to arbitrary Java, Android, target-table completeness, or whole-program rewrite preservation","No typed whole-program frontend, classpath proof, lifecycle model, or general Java transformation theorem",docs/proofs.md lifting obligations; docs/frontend.md; docs/dispatch.md,Frontend rejection boundary and finite schema,"Paper scope, threats, related work, and conclusion","29 audited automatic events, 11 manual projections, 9 bridge-risk executions, and 12 bounded calls only",Paper limitations and contribution boundary,results/measured/frontend-results.json,explicit_non_claim,"Abstract, claims, evaluation, conclusion, state, and README aligned"
