name,url,license,access_date,resource_type,acquisition_method,integration_mode,supported_claim,internals_modified
DroidBench reflection sources,https://github.com/secure-software-engineering/DroidBench,Upstream repository terms not established for redistribution; no source copied into artifact,2026-09-15,public source repository,read-only inspection at commit a57fa6f42f278591695672f1aa8b37c275139370,immutable identifiers and 11 manual finite projections,provenance for 11 operations across four apps,no
DroidRA benchmark sources,https://github.com/serval-snt-uni-lu/DroidRA,GNU LGPL 2.1 notice retained with redistributed files,2026-09-15,public source repository,exact source retrieval at commit b766a32a23178a54d095fb0a473e6ec77aad2166; Git blob identity checked,nine exact files parsed without modification by restricted frontend,provenance and extraction for 29 operations across nine files,no
OpenJDK javac tree API,https://docs.oracle.com/en/java/javase/17/docs/api/jdk.compiler/com/sun/source/tree/package-summary.html,OpenJDK/runtime license governs local JDK; no JDK binaries redistributed,2026-09-15,compiler API,local full JDK; extractor compiled with --release 17,parser API only; no Android classpath or type attribution,restricted source parsing and source locations,no
DroidRA ISSTA paper,https://doi.org/10.1145/2931037.2931044,scholarly publication; not redistributed,2026-09-15,scholarly literature,publisher/author record and substantive targeted reading,citation and closest-work comparison,composite constant propagation plus instrumentation; historical boundary,no
Taming Reflection TOSEM paper,https://doi.org/10.1145/3440033,scholarly publication; not redistributed,2026-09-15,scholarly literature,publisher/author record and targeted reading,citation and closest-work comparison,journal-scale DroidRA result and practical limitations,no
Understanding and Analyzing Java Reflection,https://doi.org/10.1145/3295739,scholarly publication; not redistributed,2026-09-15,scholarly literature,publisher record and targeted reading,citation and strongest reflection-analysis comparison,conditional soundness and unresolved-call analysis,no
Proof-Carrying Code,https://doi.org/10.1145/263699.263712,scholarly publication; not redistributed,2026-09-15,scholarly literature,publisher record and targeted reading,citation and architectural comparison,untrusted producer / trusted checker separation,no
Graph-Based Algorithms for Boolean Function Manipulation,https://doi.org/10.1109/TC.1986.1676819,scholarly publication; not redistributed,2026-09-15,scholarly literature,publisher record and targeted reading,citation and representation foundation,fixed-order reduced decision diagrams,no
Abduction-Based Explanations for Machine Learning Models,https://doi.org/10.1609/aaai.v33i01.33011511,scholarly publication; not redistributed,2026-09-15,scholarly literature,publisher record and targeted reading,citation and minimality boundary,subset-minimal abductive explanations,no
FSE 2027 research-paper rules,https://conf.researchr.org/track/fse-2027/fse-2027-papers,website terms; not redistributed,2026-09-15,official venue rules,live first-party page,workflow and page-contract verification only,18 text/figure pages; up to four reference pages; anonymous review and Data Availability placement,no
Supplied acmart class,https://www.acm.org/publications/authors/submissions,LPPL terms and notices embedded in supplied file,2026-09-15,publisher format asset,matched supplied template and inspected header,unchanged paper formatting,acmsmall screen review anonymous format,no
Supplied ACM-Reference-Format.bst,https://www.acm.org/publications/authors/submissions,public-domain notice in supplied header,2026-09-15,publisher bibliography style,matched supplied template and inspected header,unchanged bibliography formatting,59 compiled scholarly references,no
Correctness Witnesses 2016,https://www.sosy-lab.org/research/pub/2016-FSE.Correctness_Witnesses_Exchanging_Verification_Results_between_Verifiers.pdf,published paper; no paper redistributed,2026-10-03,primary author-hosted PDF,read and inspect supporting obligations/format,source citation or policy note only,nearest-method guarantee comparison,no
Certification for Configurable Program Analysis,https://ris.uni-paderborn.de/record/450,published paper; no paper redistributed,2026-10-03,author institutional record,metadata and published abstract read,source citation or policy note only,CPA certificate/checker boundary comparison,no
Verasco project and POPL paper,https://compcert.inria.fr/verasco/,published paper; no paper redistributed,2026-10-03,authors research project,author project and linked publication inspected,source citation or policy note only,verified analyzer versus per-result validation distinction,no
Correctness Witnesses with Function Contracts,https://arxiv.org/abs/2501.12313,author preprint; no paper redistributed,2026-10-03,author preprint,preprint and author publication record read,source citation or policy note only,"recent modular witness comparison, explicitly preprint",no
Java Language Specification SE 21,https://docs.oracle.com/javase/specs/jls/se21/html/index.html,Oracle documentation; no full specification redistributed,2026-10-03,official language specification,expression/equality/concatenation/assignment rules read,source citation or policy note only,content abstraction and explicit non-preservation of String object identity,no
ACM official journal template,https://www.overleaf.com/latex/templates/acm-journals-primary-article-template/cpkjqttwbshg,official template terms; installed class used unchanged,2026-10-03,ACM-authored template,template guidance read,source citation or policy note only,same-body acmsmall and manuscript review views,no
TOSEM dated editorial page policy,https://sigsoft.medium.com/why-publish-in-acm-tosem-in-the-twenties-8e7326f264ab,editor text; no article redistributed,2026-10-03,dated primary editorial explanation,2022 scope/page description read,source citation or policy note only,"historical 45-page fast-impact budget, not current-rule verification",no
TOSEM live author guidelines,https://dl.acm.org/journal/tosem/author-guidelines,ACM website,2026-10-03,current guide endpoint,attempted; HTTP 403 / inaccessible,source citation or policy note only,unresolved current portal-specific policy check,no
Seneca serialization-aware call graphs,https://doi.org/10.1145/3649851,published paper; no paper redistributed,2026-10-03,PACMPL/OOPSLA publication record,primary publication metadata and abstract checked,source citation or policy note only,recent neighboring hidden-call-edge recovery for Java serialization,no
DLCDroid dynamically loaded Android code analysis,https://doi.org/10.1038/s41598-025-88003-6,published article; no paper redistributed,2026-10-03,publisher article record,publisher and PubMed records checked,source citation or policy note only,recent hybrid evidence for dynamically loaded Android code,no
