key,category,title,year,venue,doi,identifier_url,verification_source,verification_status,checked_on,notes
li2016droidra,reflection and static analysis,{DroidRA}: Taming Reflection to Support Whole-Program Analysis of Android Apps,2016,Proceedings of the 25th International Symposium on Software Testing and Analysis,10.1145/2931037.2931044,https://doi.org/10.1145/2931037.2931044,DOI resolver plus publisher or scholarly index metadata,matched_title_year_venue_doi,2026-09-17,
sun2021taming,reflection and static analysis,Taming Reflection: An Essential Step Toward Whole-Program Analysis of Android Apps,2021,ACM Transactions on Software Engineering and Methodology,10.1145/3440033,https://doi.org/10.1145/3440033,DOI resolver plus publisher or scholarly index metadata,matched_title_year_venue_doi,2026-09-17,
li2019solar,reflection and static analysis,Understanding and Analyzing Java Reflection,2019,ACM Transactions on Software Engineering and Methodology,10.1145/3295739,https://doi.org/10.1145/3295739,DOI resolver plus publisher or scholarly index metadata,matched_title_year_venue_doi,2026-09-17,
bodden2011tamiflex,reflection and static analysis,Taming Reflection: Aiding Static Analysis in the Presence of Reflection and Custom Class Loaders,2011,Proceedings of the 33rd International Conference on Software Engineering,10.1145/1985793.1985827,https://doi.org/10.1145/1985793.1985827,DOI resolver plus publisher or scholarly index metadata,matched_title_year_venue_doi,2026-09-17,
livshits2005reflection,reflection and static analysis,Reflection Analysis for Java,2005,Programming Languages and Systems: APLAS 2005,10.1007/11575467_11,https://doi.org/10.1007/11575467_11,DOI resolver plus publisher or scholarly index metadata,matched_title_year_venue_doi,2026-09-17,
hirzel2004dynamic,reflection and static analysis,Pointer Analysis in the Presence of Dynamic Class Loading,2004,ECOOP 2004 -- Object-Oriented Programming,10.1007/978-3-540-24851-4_5,https://doi.org/10.1007/978-3-540-24851-4_5,DOI resolver plus publisher or scholarly index metadata,matched_title_year_venue_doi,2026-09-17,
zhang2017ripple,reflection and static analysis,Ripple: Reflection Analysis for Android Apps in Incomplete Information Environments,2017,Proceedings of the Seventh ACM Conference on Data and Application Security and Privacy,10.1145/3029806.3029814,https://doi.org/10.1145/3029806.3029814,DOI resolver plus publisher or scholarly index metadata,matched_title_year_venue_doi,2026-09-17,
li2014selfinfer,reflection and static analysis,Self-Inferencing Reflection Resolution for Java,2014,ECOOP 2014 -- Object-Oriented Programming,10.1007/978-3-662-44202-9_2,https://doi.org/10.1007/978-3-662-44202-9_2,DOI resolver plus publisher or scholarly index metadata,matched_title_year_venue_doi,2026-09-17,
li2015soundness,reflection and static analysis,Effective Soundness-Guided Reflection Analysis,2015,Static Analysis Symposium,10.1007/978-3-662-48288-9_10,https://doi.org/10.1007/978-3-662-48288-9_10,DOI resolver plus publisher or scholarly index metadata,matched_title_year_venue_doi,2026-09-17,
liu2017uncovering,reflection and static analysis,Reflection Analysis for Java: Uncovering More Reflective Targets Precisely,2017,IEEE International Symposium on Software Reliability Engineering,10.1109/ISSRE.2017.36,https://doi.org/10.1109/ISSRE.2017.36,DOI resolver plus publisher or scholarly index metadata,matched_title_year_venue_doi,2026-09-17,
lhotak2003spark,reflection and static analysis,Scaling Java Points-to Analysis Using {SPARK},2003,Compiler Construction,10.1007/3-540-36579-6_12,https://doi.org/10.1007/3-540-36579-6_12,DOI resolver plus publisher or scholarly index metadata,matched_title_year_venue_doi,2026-09-17,
bravenboer2009doop,reflection and static analysis,Strictly Declarative Specification of Sophisticated Points-to Analyses,2009,Proceedings of the 24th ACM SIGPLAN Conference on Object-Oriented Programming Systems Languages and Applications,10.1145/1640089.1640108,https://doi.org/10.1145/1640089.1640108,DOI resolver plus publisher or scholarly index metadata,matched_title_year_venue_doi,2026-09-17,
valleerai1999soot,reflection and static analysis,Soot -- A Java Bytecode Optimization Framework,1999,Proceedings of CASCON 1999,,https://dblp.org/rec/conf/cascon/Vallee-RaiCGHLS99,DBLP record and original CASCON bibliographic record,matched_title_year_venue,2026-09-17,
whaley2005datalog,reflection and static analysis,Using Datalog with Binary Decision Diagrams for Program Analysis,2005,Programming Languages and Systems: APLAS 2005,10.1007/11575467_8,https://doi.org/10.1007/11575467_8,DOI resolver plus publisher or scholarly index metadata,matched_title_year_venue_doi,2026-09-17,
reps1995ifds,reflection and static analysis,Precise Interprocedural Dataflow Analysis via Graph Reachability,1995,Proceedings of the 22nd ACM SIGPLAN-SIGACT Symposium on Principles of Programming Languages,10.1145/199448.199462,https://doi.org/10.1145/199448.199462,DOI resolver plus publisher or scholarly index metadata,matched_title_year_venue_doi,2026-09-17,
cousot1977abstract,reflection and static analysis,Abstract Interpretation: A Unified Lattice Model for Static Analysis of Programs by Construction or Approximation of Fixpoints,1977,Proceedings of the Fourth ACM Symposium on Principles of Programming Languages,10.1145/512950.512973,https://doi.org/10.1145/512950.512973,DOI resolver plus publisher or scholarly index metadata,matched_title_year_venue_doi,2026-09-17,
kildall1973unified,reflection and static analysis,A Unified Approach to Global Program Optimization,1973,Proceedings of the First ACM Symposium on Principles of Programming Languages,10.1145/512927.512945,https://doi.org/10.1145/512927.512945,DOI resolver plus publisher or scholarly index metadata,matched_title_year_venue_doi,2026-09-17,
arzt2014flowdroid,Android analysis,"{FlowDroid}: Precise Context, Flow, Field, Object-Sensitive and Lifecycle-Aware Taint Analysis for Android Apps",2014,Proceedings of the 35th ACM SIGPLAN Conference on Programming Language Design and Implementation,10.1145/2594291.2594299,https://doi.org/10.1145/2594291.2594299,DOI resolver plus publisher or scholarly index metadata,matched_title_year_venue_doi,2026-09-17,
wei2014amandroid,Android analysis,{Amandroid}: A Precise and General Inter-Component Data Flow Analysis Framework for Security Vetting of Android Apps,2014,Proceedings of the 2014 ACM SIGSAC Conference on Computer and Communications Security,10.1145/2660267.2660357,https://doi.org/10.1145/2660267.2660357,DOI resolver plus publisher or scholarly index metadata,matched_title_year_venue_doi,2026-09-17,
gordon2015droidsafe,Android analysis,Information Flow Analysis of Android Applications in DroidSafe,2015,Network and Distributed System Security Symposium,10.14722/ndss.2015.23089,https://doi.org/10.14722/ndss.2015.23089,DOI resolver plus publisher or scholarly index metadata,matched_title_year_venue_doi,2026-09-17,
li2015iccta,Android analysis,{IccTA}: Detecting Inter-Component Privacy Leaks in Android Apps,2015,Proceedings of the 37th International Conference on Software Engineering,10.1109/ICSE.2015.48,https://doi.org/10.1109/ICSE.2015.48,DOI resolver plus publisher or scholarly index metadata,matched_title_year_venue_doi,2026-09-17,
octeau2013epicc,Android analysis,Effective Inter-Component Communication Mapping in Android: An Essential Step Towards Holistic Security Analysis,2013,22nd USENIX Security Symposium,,https://www.usenix.org/conference/usenixsecurity13/technical-sessions/presentation/octeau,Official USENIX Security 2013 publication record,matched_title_year_venue,2026-09-17,Corrected the title to the official USENIX record; no DOI is asserted.
octeau2015coal,Android analysis,Composite Constant Propagation: Application to Android Inter-Component Communication Analysis,2015,Proceedings of the 37th International Conference on Software Engineering,10.1109/ICSE.2015.30,https://doi.org/10.1109/ICSE.2015.30,DOI resolver plus publisher or scholarly index metadata,matched_title_year_venue_doi,2026-09-17,
arzt2016stubdroid,Android analysis,{StubDroid}: Automatic Inference of Precise Data-Flow Summaries for the Android Framework,2016,Proceedings of the 38th International Conference on Software Engineering,10.1145/2884781.2884816,https://doi.org/10.1145/2884781.2884816,DOI resolver plus publisher or scholarly index metadata,matched_title_year_venue_doi,2026-09-17,
calzavara2016horndroid,Android analysis,{HornDroid}: Practical and Sound Static Analysis of Android Applications by SMT Solving,2016,IEEE European Symposium on Security and Privacy,10.1109/EuroSP.2016.16,https://doi.org/10.1109/EuroSP.2016.16,DOI resolver plus publisher or scholarly index metadata,matched_title_year_venue_doi,2026-09-17,
christensen2003strings,string analysis and solving,Precise Analysis of String Expressions,2003,Static Analysis Symposium,10.1007/3-540-44898-5_1,https://doi.org/10.1007/3-540-44898-5_1,DOI resolver plus publisher or scholarly index metadata,matched_title_year_venue_doi,2026-09-17,
minamide2005web,string analysis and solving,Static Approximation of Dynamically Generated Web Pages,2005,Proceedings of the 14th International Conference on World Wide Web,10.1145/1060745.1060809,https://doi.org/10.1145/1060745.1060809,DOI resolver plus publisher or scholarly index metadata,matched_title_year_venue_doi,2026-09-17,
wassermann2007injection,string analysis and solving,Sound and Precise Analysis of Web Applications for Injection Vulnerabilities,2007,Proceedings of the 28th ACM SIGPLAN Conference on Programming Language Design and Implementation,10.1145/1250734.1250739,https://doi.org/10.1145/1250734.1250739,DOI resolver plus publisher or scholarly index metadata,matched_title_year_venue_doi,2026-09-17,
kiezun2009hampi,string analysis and solving,{HAMPI}: A Solver for String Constraints,2009,Proceedings of the 18th International Symposium on Software Testing and Analysis,10.1145/1572272.1572286,https://doi.org/10.1145/1572272.1572286,DOI resolver plus publisher or scholarly index metadata,matched_title_year_venue_doi,2026-09-17,
kiezun2012hampi,string analysis and solving,"{HAMPI}: A Solver for Word Equations over Strings, Regular Expressions, and Context-Free Grammars",2012,ACM Transactions on Software Engineering and Methodology,10.1145/2377656.2377662,https://doi.org/10.1145/2377656.2377662,DOI resolver plus publisher or scholarly index metadata,matched_title_year_venue_doi,2026-09-17,
zheng2013z3str,string analysis and solving,{Z3-str}: A Z3-Based String Solver for Web Application Analysis,2013,Proceedings of the 2013 9th Joint Meeting on Foundations of Software Engineering,10.1145/2491411.2491456,https://doi.org/10.1145/2491411.2491456,DOI resolver plus publisher or scholarly index metadata,matched_title_year_venue_doi,2026-09-17,
trinh2014s3,string analysis and solving,{S3}: A Symbolic String Solver for Vulnerability Detection in Web Applications,2014,Proceedings of the 2014 ACM SIGSAC Conference on Computer and Communications Security,10.1145/2660267.2660372,https://doi.org/10.1145/2660267.2660372,DOI resolver plus publisher or scholarly index metadata,matched_title_year_venue_doi,2026-09-17,
abdulla2015norn,string analysis and solving,{Norn}: An SMT Solver for String Constraints,2015,Computer Aided Verification,10.1007/978-3-319-21690-4_29,https://doi.org/10.1007/978-3-319-21690-4_29,DOI resolver plus publisher or scholarly index metadata,matched_title_year_venue_doi,2026-09-17,
chen2019ostrich,string analysis and solving,Decision Procedures for Path Feasibility of String-Manipulating Programs with Complex Operations,2019,Proceedings of the ACM on Programming Languages,10.1145/3290362,https://doi.org/10.1145/3290362,DOI resolver plus publisher or scholarly index metadata,matched_title_year_venue_doi,2026-09-17,Corrected a previously mismatched title/venue/DOI tuple; DOI 10.1145/3290362 identifies the cited POPL article.
yu2010stranger,string analysis and solving,{STRANGER}: An Automata-Based String Analysis Tool for PHP,2010,Tools and Algorithms for the Construction and Analysis of Systems,10.1007/978-3-642-12002-2_13,https://doi.org/10.1007/978-3-642-12002-2_13,DOI resolver plus publisher or scholarly index metadata,matched_title_year_venue_doi,2026-09-17,
necula1997pcc,proof-carrying validation and decision diagrams,Proof-Carrying Code,1997,Proceedings of the 24th ACM SIGPLAN-SIGACT Symposium on Principles of Programming Languages,10.1145/263699.263712,https://doi.org/10.1145/263699.263712,DOI resolver plus publisher or scholarly index metadata,matched_title_year_venue_doi,2026-09-17,
necula1996kernel,proof-carrying validation and decision diagrams,Safe Kernel Extensions Without Run-Time Checking,1996,Proceedings of the Second Symposium on Operating Systems Design and Implementation,10.1145/238721.238781,https://doi.org/10.1145/238721.238781,DOI resolver plus publisher or scholarly index metadata,matched_title_year_venue_doi,2026-09-17,Added the verified ACM DOI 10.1145/238721.238781.
appel2001foundational,proof-carrying validation and decision diagrams,Foundational Proof-Carrying Code,2001,Proceedings of the 16th Annual IEEE Symposium on Logic in Computer Science,10.1109/LICS.2001.932501,https://doi.org/10.1109/LICS.2001.932501,DOI resolver plus publisher or scholarly index metadata,matched_title_year_venue_doi,2026-09-17,
morrisett1999tal,proof-carrying validation and decision diagrams,From System F to Typed Assembly Language,1999,ACM Transactions on Programming Languages and Systems,10.1145/319301.319345,https://doi.org/10.1145/319301.319345,DOI resolver plus publisher or scholarly index metadata,matched_title_year_venue_doi,2026-09-17,
pnueli1998validation,proof-carrying validation and decision diagrams,Translation Validation,1998,Tools and Algorithms for the Construction and Analysis of Systems,10.1007/BFb0054170,https://doi.org/10.1007/BFb0054170,DOI resolver plus publisher or scholarly index metadata,matched_title_year_venue_doi,2026-09-17,
necula2000validation,proof-carrying validation and decision diagrams,Translation Validation for an Optimizing Compiler,2000,Proceedings of the ACM SIGPLAN 2000 Conference on Programming Language Design and Implementation,10.1145/349299.349314,https://doi.org/10.1145/349299.349314,DOI resolver plus publisher or scholarly index metadata,matched_title_year_venue_doi,2026-09-17,
leroy2009compcert,proof-carrying validation and decision diagrams,Formal Verification of a Realistic Compiler,2009,Communications of the ACM,10.1145/1538788.1538814,https://doi.org/10.1145/1538788.1538814,DOI resolver plus publisher or scholarly index metadata,matched_title_year_venue_doi,2026-09-17,
bryant1986bdd,proof-carrying validation and decision diagrams,Graph-Based Algorithms for Boolean Function Manipulation,1986,IEEE Transactions on Computers,10.1109/TC.1986.1676819,https://doi.org/10.1109/TC.1986.1676819,DOI resolver plus publisher or scholarly index metadata,matched_title_year_venue_doi,2026-09-17,
brace1990bdd,proof-carrying validation and decision diagrams,Efficient Implementation of a BDD Package,1990,Proceedings of the 27th ACM/IEEE Design Automation Conference,10.1145/123186.123222,https://doi.org/10.1145/123186.123222,DOI resolver plus publisher or scholarly index metadata,matched_title_year_venue_doi,2026-09-17,
bahar1993add,proof-carrying validation and decision diagrams,Algebraic Decision Diagrams and Their Applications,1993,Proceedings of the 1993 IEEE/ACM International Conference on Computer-Aided Design,10.1109/ICCAD.1993.580054,https://doi.org/10.1109/ICCAD.1993.580054,DOI resolver plus publisher or scholarly index metadata,matched_title_year_venue_doi,2026-09-17,
reiter1987diagnosis,"minimal explanation, slicing, and provenance",A Theory of Diagnosis from First Principles,1987,Artificial Intelligence,10.1016/0004-3702(87)90062-2,https://doi.org/10.1016/0004-3702(87)90062-2,DOI resolver plus publisher or scholarly index metadata,matched_title_year_venue_doi,2026-09-17,
dekleer1987diagnosing,"minimal explanation, slicing, and provenance",Diagnosing Multiple Faults,1987,Artificial Intelligence,10.1016/0004-3702(87)90063-4,https://doi.org/10.1016/0004-3702(87)90063-4,DOI resolver plus publisher or scholarly index metadata,matched_title_year_venue_doi,2026-09-17,
junker2004quickxplain,"minimal explanation, slicing, and provenance",{QUICKXPLAIN}: Preferred Explanations and Relaxations for Over-Constrained Problems,2004,Proceedings of the 19th National Conference on Artificial Intelligence,,https://dblp.org/rec/conf/aaai/Junker04,DBLP record for AAAI 2004 proceedings,matched_title_year_venue,2026-09-17,
liffiton2008mus,"minimal explanation, slicing, and provenance",Algorithms for Computing Minimal Unsatisfiable Subsets of Constraints,2008,Journal of Automated Reasoning,10.1007/s10817-007-9084-z,https://doi.org/10.1007/s10817-007-9084-z,DOI resolver plus publisher or scholarly index metadata,matched_title_year_venue_doi,2026-09-17,
ignatiev2019abduction,"minimal explanation, slicing, and provenance",Abduction-Based Explanations for Machine Learning Models,2019,Proceedings of the 33rd AAAI Conference on Artificial Intelligence,10.1609/aaai.v33i01.33011511,https://doi.org/10.1609/aaai.v33i01.33011511,DOI resolver plus publisher or scholarly index metadata,matched_title_year_venue_doi,2026-09-17,
darwiche2020reasons,"minimal explanation, slicing, and provenance",On the Reasons Behind Decisions,2020,Proceedings of the 24th European Conference on Artificial Intelligence,10.3233/FAIA200158,https://doi.org/10.3233/FAIA200158,DOI resolver plus publisher or scholarly index metadata,matched_title_year_venue_doi,2026-09-17,
zeller2002delta,"minimal explanation, slicing, and provenance",Simplifying and Isolating Failure-Inducing Input,2002,IEEE Transactions on Software Engineering,10.1109/32.988498,https://doi.org/10.1109/32.988498,DOI resolver plus publisher or scholarly index metadata,matched_title_year_venue_doi,2026-09-17,
weiser1981slicing,"minimal explanation, slicing, and provenance",Program Slicing,1981,Proceedings of the 5th International Conference on Software Engineering,,https://dblp.org/rec/conf/icse/Weiser81,DBLP record for ICSE 1981 proceedings,matched_title_year_venue,2026-09-17,
tip1995survey,"minimal explanation, slicing, and provenance",A Survey of Program Slicing Techniques,1995,Journal of Programming Languages,,https://dblp.org/rec/journals/jpl/Tip95,DBLP record and author publication page,matched_title_year_venue,2026-09-17,
buneman2001whywhere,"minimal explanation, slicing, and provenance",Why and Where: A Characterization of Data Provenance,2001,Database Theory -- ICDT 2001,10.1007/3-540-44503-X_20,https://doi.org/10.1007/3-540-44503-X_20,DOI resolver plus publisher or scholarly index metadata,matched_title_year_venue_doi,2026-09-17,
green2007semirings,"minimal explanation, slicing, and provenance",Provenance Semirings,2007,Proceedings of the 26th ACM Symposium on Principles of Database Systems,10.1145/1265530.1265535,https://doi.org/10.1145/1265530.1265535,DOI resolver plus publisher or scholarly index metadata,matched_title_year_venue_doi,2026-09-17,
meliou2010causality,"minimal explanation, slicing, and provenance",The Complexity of Causality and Responsibility for Query Answers and Non-Answers,2010,Proceedings of the VLDB Endowment,10.14778/1880172.1880176,https://doi.org/10.14778/1880172.1880176,DOI resolver plus publisher or scholarly index metadata,matched_title_year_venue_doi,2026-09-17,
cheney2009provenance,"minimal explanation, slicing, and provenance","Provenance in Databases: Why, How, and Where",2009,Foundations and Trends in Databases,10.1561/1900000006,https://doi.org/10.1561/1900000006,DOI resolver plus publisher or scholarly index metadata,matched_title_year_venue_doi,2026-09-17,
li2018scalability,reflection and static analysis,Scalability-First Pointer Analysis with Self-Tuning Context-Sensitivity,2018,Proceedings of the 26th ACM Joint Meeting on European Software Engineering Conference and Symposium on the Foundations of Software Engineering,10.1145/3236024.3236041,https://doi.org/10.1145/3236024.3236041,DOI resolver plus publisher or scholarly index metadata,matched_title_year_venue_doi,2026-09-17,
beyer2016correctness,verification witnesses,Correctness Witnesses: Exchanging Verification Results Between Verifiers,2016,Proceedings of the 24th ACM SIGSOFT International Symposium on Foundations of Software Engineering,10.1145/2950290.2950351,https://doi.org/10.1145/2950290.2950351,https://www.sosy-lab.org/research/pub/2016-FSE.Correctness_Witnesses_Exchanging_Verification_Results_between_Verifiers.pdf ; Primary author-hosted paper and publication inventory; read contract and validation discussion,matched_title_year_venue_doi,2026-10-03,Nearest reusable verification-result interface; not a claim of whole-program competitiveness
jakobs2014certification,analysis certification,Certification for Configurable Program Analysis,2014,Proceedings of the 2014 International SPIN Symposium on Model Checking of Software,10.1145/2632362.2632372,https://doi.org/10.1145/2632362.2632372,https://ris.uni-paderborn.de/record/450 ; University of Paderborn author record and ACM SIGSOFT SPIN 2014 table of contents,matched_title_year_venue_doi,2026-10-03,Configurable-analysis certification versus exhaustive finite checking
jourdan2015verasco,verified analysis,A Formally-Verified C Static Analyzer,2015,Proceedings of the 42nd Annual ACM SIGPLAN-SIGACT Symposium on Principles of Programming Languages,10.1145/2676726.2676966,https://doi.org/10.1145/2676726.2676966,https://compcert.inria.fr/verasco/ ; Official Verasco project and author publication records,matched_title_year_venue_doi,2026-10-03,Mechanized analyzer soundness versus separately implemented but unverified finite checkers
heizmann2025contracts,verification witnesses,Correctness Witnesses with Function Contracts,2025,arXiv preprint arXiv:2501.12313,10.48550/arXiv.2501.12313,https://doi.org/10.48550/arXiv.2501.12313,"https://arxiv.org/abs/2501.12313 ; Author-linked arXiv primary record; submitted January 21, 2025",matched_title_year_venue_doi,2026-10-03,Recent richer witness-language comparison; explicitly a preprint
gosling2023jls,language specification,"The Java Language Specification, Java SE 21 Edition",2023,Oracle,,https://docs.oracle.com/javase/specs/jls/se21/html/index.html,"https://docs.oracle.com/javase/specs/jls/se21/html/jls-15.html ; Oracle Java SE 21 language specification, August 23, 2023",matched_title_year_venue,2026-10-03,Normative string content/reference and expression-evaluation boundaries
santos2024seneca,reflection and call-graph analysis,Seneca: Taint-Based Call Graph Construction for Java Object Deserialization,2024,Proceedings of the ACM on Programming Languages,10.1145/3649851,https://doi.org/10.1145/3649851,DBLP bibliographic record plus the SPLASH/OOPSLA 2024 publication page; abstract and publication metadata checked,matched_title_year_venue_doi,2026-10-03,Recent neighboring work on serialization-triggered reflective callbacks; used only for scope comparison
bhan2025dlcdroid,dynamic code loading and reflection,{DLCDroid}: An Android Apps Analysis Framework to Analyse the Dynamically Loaded Code,2025,Scientific Reports,10.1038/s41598-025-88003-6,https://doi.org/10.1038/s41598-025-88003-6,"Nature Scientific Reports version of record and PubMed bibliographic record; abstract, authors, year, volume, article number, and DOI checked",matched_title_year_venue_doi,2026-10-03,Recent hybrid analysis for Android dynamically loaded code; cited as an orthogonal coverage-oriented system
