group,title,venue_year,doi_or_locator,problem_pattern,argument_pattern,evaluation_pattern,artifact_or_reporting_pattern,screening_depth
same-venue,Efficient Incremental Algorithms for Dynamic Detection of Likely Invariants,FSE 2004,10.1145/1029894.1029901,scaling an established analysis under program evolution,algorithmic delta tied to measurable bottleneck,incremental cost and retained accuracy,explicit algorithm-to-measurement chain,bibliographic and targeted structure screening
same-venue,Practical and Effective Symbolic Analysis for Buffer Overflow Detection,FSE 2010,10.1145/1882291.1882338,practical defect detection under symbolic-analysis limits,engineering choices connected to detection claims,benchmark precision and cost,clear scope around checked defect class,bibliographic and targeted structure screening
same-venue,FlowTwist: Efficient Context-Sensitive Inside-Out Taint Analysis for Large Codebases,FSE 2014,10.1145/2635868.2635878,context-sensitive analysis at codebase scale,reverse/inside-out formulation motivated by demand,large-codebase precision and cost,implementation and workload boundaries stated,bibliographic and targeted structure screening
same-venue,ORBS: Language-Independent Program Slicing,FSE 2014,10.1145/2635868.2635893,slicing without language-specific analysis,operational equivalence used as an alternative abstraction,multi-language systems and cost variants,negative tradeoffs reported,bibliographic and targeted structure screening
same-venue,JSAI: A Static Analysis Platform for JavaScript,FSE 2014,10.1145/2635868.2635904,robust analyzable semantics for a dynamic language,formalized semantics connected to an executable platform,conformance and analysis case studies,platform and language boundaries explicit,bibliographic and targeted structure screening
same-venue,Apposcopy: Semantics-Based Detection of Android Malware through Static Analysis,FSE 2014,10.1145/2635868.2635869,semantic signatures for Android malware,high-level specification plus static decision procedure,real-app corpus and signature evaluation,claims separated from platform modeling,bibliographic and targeted structure screening
same-venue,Titanium: Efficient Analysis of Evolving Alloy Specifications,FSE 2016,10.1145/2950290.2950337,incremental analysis for evolving formal models,reuse mechanism linked to semantic equivalence,evolution scenarios and performance,validity boundary around Alloy models,bibliographic and targeted structure screening
same-venue,Static Analysis for Optimizing Big Data Queries,FSE 2017,10.1145/3106237.3117774,static reasoning to optimize data-intensive queries,analysis facts drive transparent transformations,query workloads and performance,compact problem-mechanism-evidence narrative,bibliographic and targeted structure screening
same-venue,Scalability-First Pointer Analysis with Self-Tuning Context-Sensitivity,FSE 2018,10.1145/3236024.3236041,precision/scalability tension in pointer analysis,self-tuning context policy rather than one fixed abstraction,large Java benchmark comparison,configuration and cost linked to claims,bibliographic and targeted structure screening
same-venue,MemFix: Static Analysis-Based Repair of Memory Deallocation Errors for C,FSE 2018,10.1145/3236024.3236079,repair grounded in static defect analysis,analysis result feeds constrained repair search,defect corpus and patch outcomes,repair validity and unsupported cases separated,bibliographic and targeted structure screening
same-venue,Phoenix: Automated Data-Driven Synthesis of Repairs for Static Analysis Violations,FSE 2019,10.1145/3338906.3338952,repairing static-analysis violations,synthesis mechanism tied to analyzer feedback,violation corpus and repair quality,empirical limitations stated,bibliographic and targeted structure screening
same-venue,Automata-Based Trace Analysis for Aiding Diagnosing GUI Testing Tools for Android,FSE 2023,10.1145/3611643.3616361,diagnosing failures of Android testing tools,automata summarize and compare traces,tool/case evaluation with diagnosis outcomes,explicit consumer-facing explanation role,bibliographic and targeted structure screening
influential,DroidRA: Taming Reflection to Support Whole-Program Analysis of Android Apps,ISSTA 2016,10.1145/2931037.2931044,reflection blocks downstream Android analysis,resolve then instrument,benchmark apps and downstream analyzers,closest historical source and explicit limits,substantive targeted reading
influential,Understanding and Analyzing Java Reflection,TOSEM 2019,10.1145/3295739,reflection soundness under assumptions,formal categories plus guided analysis,Java benchmark precision and soundness evidence,strongest reflection-analysis boundary,substantive targeted reading
influential,Taming Reflection: Aiding Static Analysis in the Presence of Reflection and Custom Class Loaders,ICSE 2011,10.1145/1985793.1985827,static analysis with runtime reflection and loaders,dynamic recording plus rewriting,real applications and missed-behavior checks,hybrid evidence boundary,substantive targeted reading
influential,Proof-Carrying Code,POPL 1997,10.1145/263699.263712,untrusted producer and trusted consumer,proof object checked against a policy,prototype feasibility and trusted-base argument,producer/checker separation,substantive targeted reading
influential,Graph-Based Algorithms for Boolean Function Manipulation,IEEE TC 1986,10.1109/TC.1986.1676819,compact canonical Boolean representation,fixed-order reduced decision graphs,algorithmic examples and complexity,canonicality conditions made explicit,substantive targeted reading
adjacent,Abduction-Based Explanations for Machine Learning Models,AAAI 2019,10.1609/aaai.v33i01.33011511,locally sufficient feature explanations,abductive/minimal explanation construction,model families and explanation cost,subset-minimal versus minimum distinction,substantive targeted reading
adjacent,QUICKXPLAIN: Preferred Explanations and Relaxations for Over-Constrained Problems,AAAI 2004,AAAI proceedings 2004 pages 167-172,minimal conflict/explanation extraction,monotone divide-and-conquer oracle calls,problem instances and query counts,preference and minimality semantics explicit,targeted technical reading
adjacent,Provenance Semirings,PODS 2007,10.1145/1265530.1265535,uniform provenance for query answers,algebraic annotation semantics,worked query classes and properties,clear distinction among provenance meanings,targeted technical reading
adjacent,Decision Procedures for Path Feasibility of String-Manipulating Programs with Complex Operations,POPL 2019,10.1145/3290362,solving rich string constraints,automata plus transducers/constraints,solver benchmark comparison,language fragment and solver limits explicit,targeted technical reading
adjacent,Formal Verification of a Realistic Compiler,Communications of the ACM 2009,10.1145/1538788.1538814,trust in compilation,mechanized semantic preservation,compiler implementation and proof account,stronger alternative to per-run validation,targeted technical reading
