key,category,title,year,venue,doi,manuscript_role,verification_scope,included_and_cited
li2016droidra,reflection and static analysis,{DroidRA}: Taming Reflection to Support Whole-Program Analysis of Android Apps,2016,Proceedings of the 25th International Symposium on Software Testing and Analysis,10.1145/2931037.2931044,historical closest system and source-work boundary,bibliographic record compiled; manuscript uses only the stated technical relationship and does not infer stronger results,yes
sun2021taming,reflection and static analysis,Taming Reflection: An Essential Step Toward Whole-Program Analysis of Android Apps,2021,ACM Transactions on Software Engineering and Methodology,10.1145/3440033,journal-scale DroidRA evidence and practical limitations,bibliographic record compiled; manuscript uses only the stated technical relationship and does not infer stronger results,yes
li2019solar,reflection and static analysis,Understanding and Analyzing Java Reflection,2019,ACM Transactions on Software Engineering and Methodology,10.1145/3295739,strong reflection-analysis soundness and unresolved-call context,bibliographic record compiled; manuscript uses only the stated technical relationship and does not infer stronger results,yes
bodden2011tamiflex,reflection and static analysis,Taming Reflection: Aiding Static Analysis in the Presence of Reflection and Custom Class Loaders,2011,Proceedings of the 33rd International Conference on Software Engineering,10.1145/1985793.1985827,dynamic evidence and unseen-reflection boundary,bibliographic record compiled; manuscript uses only the stated technical relationship and does not infer stronger results,yes
livshits2005reflection,reflection and static analysis,Reflection Analysis for Java,2005,Programming Languages and Systems: APLAS 2005,10.1007/11575467_11,early Java reflection analysis baseline,bibliographic record compiled; manuscript uses only the stated technical relationship and does not infer stronger results,yes
hirzel2004dynamic,reflection and static analysis,Pointer Analysis in the Presence of Dynamic Class Loading,2004,ECOOP 2004 -- Object-Oriented Programming,10.1007/978-3-540-24851-4_5,technical context and contribution boundary,bibliographic record compiled; manuscript uses only the stated technical relationship and does not infer stronger results,yes
zhang2017ripple,reflection and static analysis,Ripple: Reflection Analysis for Android Apps in Incomplete Information Environments,2017,Proceedings of the Seventh ACM Conference on Data and Application Security and Privacy,10.1145/3029806.3029814,incomplete-information Android reflection analysis,bibliographic record compiled; manuscript uses only the stated technical relationship and does not infer stronger results,yes
li2014selfinfer,reflection and static analysis,Self-Inferencing Reflection Resolution for Java,2014,ECOOP 2014 -- Object-Oriented Programming,10.1007/978-3-662-44202-9_2,technical context and contribution boundary,bibliographic record compiled; manuscript uses only the stated technical relationship and does not infer stronger results,yes
li2015soundness,reflection and static analysis,Effective Soundness-Guided Reflection Analysis,2015,Static Analysis Symposium,10.1007/978-3-662-48288-9_10,technical context and contribution boundary,bibliographic record compiled; manuscript uses only the stated technical relationship and does not infer stronger results,yes
liu2017uncovering,reflection and static analysis,Reflection Analysis for Java: Uncovering More Reflective Targets Precisely,2017,IEEE International Symposium on Software Reliability Engineering,10.1109/ISSRE.2017.36,technical context and contribution boundary,bibliographic record compiled; manuscript uses only the stated technical relationship and does not infer stronger results,yes
lhotak2003spark,reflection and static analysis,Scaling Java Points-to Analysis Using {SPARK},2003,Compiler Construction,10.1007/3-540-36579-6_12,technical context and contribution boundary,bibliographic record compiled; manuscript uses only the stated technical relationship and does not infer stronger results,yes
bravenboer2009doop,reflection and static analysis,Strictly Declarative Specification of Sophisticated Points-to Analyses,2009,Proceedings of the 24th ACM SIGPLAN Conference on Object-Oriented Programming Systems Languages and Applications,10.1145/1640089.1640108,technical context and contribution boundary,bibliographic record compiled; manuscript uses only the stated technical relationship and does not infer stronger results,yes
valleerai1999soot,reflection and static analysis,Soot -- A Java Bytecode Optimization Framework,1999,Proceedings of CASCON 1999,,technical context and contribution boundary,bibliographic record compiled; manuscript uses only the stated technical relationship and does not infer stronger results,yes
whaley2005datalog,reflection and static analysis,Using Datalog with Binary Decision Diagrams for Program Analysis,2005,Programming Languages and Systems: APLAS 2005,10.1007/11575467_8,technical context and contribution boundary,bibliographic record compiled; manuscript uses only the stated technical relationship and does not infer stronger results,yes
reps1995ifds,reflection and static analysis,Precise Interprocedural Dataflow Analysis via Graph Reachability,1995,Proceedings of the 22nd ACM SIGPLAN-SIGACT Symposium on Principles of Programming Languages,10.1145/199448.199462,technical context and contribution boundary,bibliographic record compiled; manuscript uses only the stated technical relationship and does not infer stronger results,yes
cousot1977abstract,reflection and static analysis,Abstract Interpretation: A Unified Lattice Model for Static Analysis of Programs by Construction or Approximation of Fixpoints,1977,Proceedings of the Fourth ACM Symposium on Principles of Programming Languages,10.1145/512950.512973,technical context and contribution boundary,bibliographic record compiled; manuscript uses only the stated technical relationship and does not infer stronger results,yes
kildall1973unified,reflection and static analysis,A Unified Approach to Global Program Optimization,1973,Proceedings of the First ACM Symposium on Principles of Programming Languages,10.1145/512927.512945,technical context and contribution boundary,bibliographic record compiled; manuscript uses only the stated technical relationship and does not infer stronger results,yes
arzt2014flowdroid,Android analysis,"{FlowDroid}: Precise Context, Flow, Field, Object-Sensitive and Lifecycle-Aware Taint Analysis for Android Apps",2014,Proceedings of the 35th ACM SIGPLAN Conference on Programming Language Design and Implementation,10.1145/2594291.2594299,technical context and contribution boundary,bibliographic record compiled; manuscript uses only the stated technical relationship and does not infer stronger results,yes
wei2014amandroid,Android analysis,{Amandroid}: A Precise and General Inter-Component Data Flow Analysis Framework for Security Vetting of Android Apps,2014,Proceedings of the 2014 ACM SIGSAC Conference on Computer and Communications Security,10.1145/2660267.2660357,technical context and contribution boundary,bibliographic record compiled; manuscript uses only the stated technical relationship and does not infer stronger results,yes
gordon2015droidsafe,Android analysis,Information Flow Analysis of Android Applications in DroidSafe,2015,Network and Distributed System Security Symposium,10.14722/ndss.2015.23089,technical context and contribution boundary,bibliographic record compiled; manuscript uses only the stated technical relationship and does not infer stronger results,yes
li2015iccta,Android analysis,{IccTA}: Detecting Inter-Component Privacy Leaks in Android Apps,2015,Proceedings of the 37th International Conference on Software Engineering,10.1109/ICSE.2015.48,technical context and contribution boundary,bibliographic record compiled; manuscript uses only the stated technical relationship and does not infer stronger results,yes
octeau2013epicc,Android analysis,Effective Inter-Component Communication Mapping in Android: An Essential Step Towards Holistic Security Analysis,2013,22nd USENIX Security Symposium,,technical context and contribution boundary,bibliographic record compiled; manuscript uses only the stated technical relationship and does not infer stronger results,yes
octeau2015coal,Android analysis,Composite Constant Propagation: Application to Android Inter-Component Communication Analysis,2015,Proceedings of the 37th International Conference on Software Engineering,10.1109/ICSE.2015.30,technical context and contribution boundary,bibliographic record compiled; manuscript uses only the stated technical relationship and does not infer stronger results,yes
arzt2016stubdroid,Android analysis,{StubDroid}: Automatic Inference of Precise Data-Flow Summaries for the Android Framework,2016,Proceedings of the 38th International Conference on Software Engineering,10.1145/2884781.2884816,technical context and contribution boundary,bibliographic record compiled; manuscript uses only the stated technical relationship and does not infer stronger results,yes
calzavara2016horndroid,Android analysis,{HornDroid}: Practical and Sound Static Analysis of Android Applications by SMT Solving,2016,IEEE European Symposium on Security and Privacy,10.1109/EuroSP.2016.16,technical context and contribution boundary,bibliographic record compiled; manuscript uses only the stated technical relationship and does not infer stronger results,yes
christensen2003strings,string analysis and solving,Precise Analysis of String Expressions,2003,Static Analysis Symposium,10.1007/3-540-44898-5_1,technical context and contribution boundary,bibliographic record compiled; manuscript uses only the stated technical relationship and does not infer stronger results,yes
minamide2005web,string analysis and solving,Static Approximation of Dynamically Generated Web Pages,2005,Proceedings of the 14th International Conference on World Wide Web,10.1145/1060745.1060809,technical context and contribution boundary,bibliographic record compiled; manuscript uses only the stated technical relationship and does not infer stronger results,yes
wassermann2007injection,string analysis and solving,Sound and Precise Analysis of Web Applications for Injection Vulnerabilities,2007,Proceedings of the 28th ACM SIGPLAN Conference on Programming Language Design and Implementation,10.1145/1250734.1250739,technical context and contribution boundary,bibliographic record compiled; manuscript uses only the stated technical relationship and does not infer stronger results,yes
kiezun2009hampi,string analysis and solving,{HAMPI}: A Solver for String Constraints,2009,Proceedings of the 18th International Symposium on Software Testing and Analysis,10.1145/1572272.1572286,technical context and contribution boundary,bibliographic record compiled; manuscript uses only the stated technical relationship and does not infer stronger results,yes
kiezun2012hampi,string analysis and solving,"{HAMPI}: A Solver for Word Equations over Strings, Regular Expressions, and Context-Free Grammars",2012,ACM Transactions on Software Engineering and Methodology,10.1145/2377656.2377662,technical context and contribution boundary,bibliographic record compiled; manuscript uses only the stated technical relationship and does not infer stronger results,yes
zheng2013z3str,string analysis and solving,{Z3-str}: A Z3-Based String Solver for Web Application Analysis,2013,Proceedings of the 2013 9th Joint Meeting on Foundations of Software Engineering,10.1145/2491411.2491456,technical context and contribution boundary,bibliographic record compiled; manuscript uses only the stated technical relationship and does not infer stronger results,yes
trinh2014s3,string analysis and solving,{S3}: A Symbolic String Solver for Vulnerability Detection in Web Applications,2014,Proceedings of the 2014 ACM SIGSAC Conference on Computer and Communications Security,10.1145/2660267.2660372,technical context and contribution boundary,bibliographic record compiled; manuscript uses only the stated technical relationship and does not infer stronger results,yes
abdulla2015norn,string analysis and solving,{Norn}: An SMT Solver for String Constraints,2015,Computer Aided Verification,10.1007/978-3-319-21690-4_29,technical context and contribution boundary,bibliographic record compiled; manuscript uses only the stated technical relationship and does not infer stronger results,yes
chen2019ostrich,string analysis and solving,Decision Procedures for Path Feasibility of String-Manipulating Programs with Complex Operations,2019,Proceedings of the ACM on Programming Languages,10.1145/3290362,technical context and contribution boundary,bibliographic record compiled; manuscript uses only the stated technical relationship and does not infer stronger results,yes
yu2010stranger,string analysis and solving,{STRANGER}: An Automata-Based String Analysis Tool for PHP,2010,Tools and Algorithms for the Construction and Analysis of Systems,10.1007/978-3-642-12002-2_13,technical context and contribution boundary,bibliographic record compiled; manuscript uses only the stated technical relationship and does not infer stronger results,yes
necula1997pcc,proof-carrying validation and decision diagrams,Proof-Carrying Code,1997,Proceedings of the 24th ACM SIGPLAN-SIGACT Symposium on Principles of Programming Languages,10.1145/263699.263712,untrusted producer / small checker architecture,bibliographic record compiled; manuscript uses only the stated technical relationship and does not infer stronger results,yes
necula1996kernel,proof-carrying validation and decision diagrams,Safe Kernel Extensions Without Run-Time Checking,1996,Proceedings of the Second Symposium on Operating Systems Design and Implementation,10.1145/238721.238781,technical context and contribution boundary,bibliographic record compiled; manuscript uses only the stated technical relationship and does not infer stronger results,yes
appel2001foundational,proof-carrying validation and decision diagrams,Foundational Proof-Carrying Code,2001,Proceedings of the 16th Annual IEEE Symposium on Logic in Computer Science,10.1109/LICS.2001.932501,technical context and contribution boundary,bibliographic record compiled; manuscript uses only the stated technical relationship and does not infer stronger results,yes
morrisett1999tal,proof-carrying validation and decision diagrams,From System F to Typed Assembly Language,1999,ACM Transactions on Programming Languages and Systems,10.1145/319301.319345,technical context and contribution boundary,bibliographic record compiled; manuscript uses only the stated technical relationship and does not infer stronger results,yes
pnueli1998validation,proof-carrying validation and decision diagrams,Translation Validation,1998,Tools and Algorithms for the Construction and Analysis of Systems,10.1007/BFb0054170,per-result validation architecture,bibliographic record compiled; manuscript uses only the stated technical relationship and does not infer stronger results,yes
necula2000validation,proof-carrying validation and decision diagrams,Translation Validation for an Optimizing Compiler,2000,Proceedings of the ACM SIGPLAN 2000 Conference on Programming Language Design and Implementation,10.1145/349299.349314,technical context and contribution boundary,bibliographic record compiled; manuscript uses only the stated technical relationship and does not infer stronger results,yes
leroy2009compcert,proof-carrying validation and decision diagrams,Formal Verification of a Realistic Compiler,2009,Communications of the ACM,10.1145/1538788.1538814,technical context and contribution boundary,bibliographic record compiled; manuscript uses only the stated technical relationship and does not infer stronger results,yes
bryant1986bdd,proof-carrying validation and decision diagrams,Graph-Based Algorithms for Boolean Function Manipulation,1986,IEEE Transactions on Computers,10.1109/TC.1986.1676819,canonical reduced ordered decision-diagram basis,bibliographic record compiled; manuscript uses only the stated technical relationship and does not infer stronger results,yes
brace1990bdd,proof-carrying validation and decision diagrams,Efficient Implementation of a BDD Package,1990,Proceedings of the 27th ACM/IEEE Design Automation Conference,10.1145/123186.123222,technical context and contribution boundary,bibliographic record compiled; manuscript uses only the stated technical relationship and does not infer stronger results,yes
bahar1993add,proof-carrying validation and decision diagrams,Algebraic Decision Diagrams and Their Applications,1993,Proceedings of the 1993 IEEE/ACM International Conference on Computer-Aided Design,10.1109/ICCAD.1993.580054,multi-terminal/algebraic decision-diagram basis,bibliographic record compiled; manuscript uses only the stated technical relationship and does not infer stronger results,yes
reiter1987diagnosis,"minimal explanation, slicing, and provenance",A Theory of Diagnosis from First Principles,1987,Artificial Intelligence,10.1016/0004-3702(87)90062-2,conflict and hitting-set explanation foundation,bibliographic record compiled; manuscript uses only the stated technical relationship and does not infer stronger results,yes
dekleer1987diagnosing,"minimal explanation, slicing, and provenance",Diagnosing Multiple Faults,1987,Artificial Intelligence,10.1016/0004-3702(87)90063-4,technical context and contribution boundary,bibliographic record compiled; manuscript uses only the stated technical relationship and does not infer stronger results,yes
junker2004quickxplain,"minimal explanation, slicing, and provenance",{QUICKXPLAIN}: Preferred Explanations and Relaxations for Over-Constrained Problems,2004,Proceedings of the 19th National Conference on Artificial Intelligence,,technical context and contribution boundary,bibliographic record compiled; manuscript uses only the stated technical relationship and does not infer stronger results,yes
liffiton2008mus,"minimal explanation, slicing, and provenance",Algorithms for Computing Minimal Unsatisfiable Subsets of Constraints,2008,Journal of Automated Reasoning,10.1007/s10817-007-9084-z,technical context and contribution boundary,bibliographic record compiled; manuscript uses only the stated technical relationship and does not infer stronger results,yes
ignatiev2019abduction,"minimal explanation, slicing, and provenance",Abduction-Based Explanations for Machine Learning Models,2019,Proceedings of the 33rd AAAI Conference on Artificial Intelligence,10.1609/aaai.v33i01.33011511,subset-minimal abductive explanation distinction,bibliographic record compiled; manuscript uses only the stated technical relationship and does not infer stronger results,yes
darwiche2020reasons,"minimal explanation, slicing, and provenance",On the Reasons Behind Decisions,2020,Proceedings of the 24th European Conference on Artificial Intelligence,10.3233/FAIA200158,sufficient/minimal reason terminology and boundary,bibliographic record compiled; manuscript uses only the stated technical relationship and does not infer stronger results,yes
zeller2002delta,"minimal explanation, slicing, and provenance",Simplifying and Isolating Failure-Inducing Input,2002,IEEE Transactions on Software Engineering,10.1109/32.988498,one-minimal versus stronger minimality boundary,bibliographic record compiled; manuscript uses only the stated technical relationship and does not infer stronger results,yes
weiser1981slicing,"minimal explanation, slicing, and provenance",Program Slicing,1981,Proceedings of the 5th International Conference on Software Engineering,,contrast with statement/value dependence slices,bibliographic record compiled; manuscript uses only the stated technical relationship and does not infer stronger results,yes
tip1995survey,"minimal explanation, slicing, and provenance",A Survey of Program Slicing Techniques,1995,Journal of Programming Languages,,technical context and contribution boundary,bibliographic record compiled; manuscript uses only the stated technical relationship and does not infer stronger results,yes
buneman2001whywhere,"minimal explanation, slicing, and provenance",Why and Where: A Characterization of Data Provenance,2001,Database Theory -- ICDT 2001,10.1007/3-540-44503-X_20,provenance comparison for answers and locations,bibliographic record compiled; manuscript uses only the stated technical relationship and does not infer stronger results,yes
green2007semirings,"minimal explanation, slicing, and provenance",Provenance Semirings,2007,Proceedings of the 26th ACM Symposium on Principles of Database Systems,10.1145/1265530.1265535,technical context and contribution boundary,bibliographic record compiled; manuscript uses only the stated technical relationship and does not infer stronger results,yes
meliou2010causality,"minimal explanation, slicing, and provenance",The Complexity of Causality and Responsibility for Query Answers and Non-Answers,2010,Proceedings of the VLDB Endowment,10.14778/1880172.1880176,technical context and contribution boundary,bibliographic record compiled; manuscript uses only the stated technical relationship and does not infer stronger results,yes
cheney2009provenance,"minimal explanation, slicing, and provenance","Provenance in Databases: Why, How, and Where",2009,Foundations and Trends in Databases,10.1561/1900000006,technical context and contribution boundary,bibliographic record compiled; manuscript uses only the stated technical relationship and does not infer stronger results,yes
li2018scalability,reflection and static analysis,Scalability-First Pointer Analysis with Self-Tuning Context-Sensitivity,2018,Proceedings of the 26th ACM Joint Meeting on European Software Engineering Conference and Symposium on the Foundations of Software Engineering,10.1145/3236024.3236041,same-venue scalable pointer-analysis calibration and Java-analysis context,bibliographic record compiled; manuscript uses only the stated technical relationship and does not infer stronger results,yes
