case,app,repository,commit,path,source_sha,operation,modeled_loader,modeled_class,modeled_member,modeled_signature,expression,extraction_mode,redistributed_local_path,source_line,source_column,class_expr_json,member_expr_json,projection_note
P001,Reflection1,secure-software-engineering/DroidBench,a57fa6f42f278591695672f1aa8b37c275139370,projects/Reflection/Reflection1/app/src/main/java/de/ecspride/MainActivity.java,b38e8c097d3a163df652accc47c7f34bc28dd493,Class.forName,default,de.ecspride.ConcreteClass,<class>,(),literal,manual finite projection,,,,,,finite identity/string projection only
P002,Reflection1,secure-software-engineering/DroidBench,a57fa6f42f278591695672f1aa8b37c275139370,projects/Reflection/Reflection1/app/src/main/java/de/ecspride/MainActivity.java,b38e8c097d3a163df652accc47c7f34bc28dd493,Class.newInstance,default,de.ecspride.ConcreteClass,<init>,(),literal,manual finite projection,,,,,,finite identity/string projection only
P003,Reflection2,secure-software-engineering/DroidBench,a57fa6f42f278591695672f1aa8b37c275139370,projects/Reflection/Reflection2/app/src/main/java/de/ecspride/MainActivity.java,65937509bb72012a57d8470e79b5ebb3bfe15e3a,Class.forName,default,de.ecspride.ConcreteClass,<class>,(),literal,manual finite projection,,,,,,finite identity/string projection only
P004,Reflection2,secure-software-engineering/DroidBench,a57fa6f42f278591695672f1aa8b37c275139370,projects/Reflection/Reflection2/app/src/main/java/de/ecspride/MainActivity.java,65937509bb72012a57d8470e79b5ebb3bfe15e3a,method reached through reflective instance,default,de.ecspride.ConcreteClass,foo,(),literal,manual finite projection,,,,,,"downstream member target, not a java.lang.reflect.Method lookup"
P005,Reflection3,secure-software-engineering/DroidBench,a57fa6f42f278591695672f1aa8b37c275139370,projects/Reflection/Reflection3/app/src/main/java/de/ecspride/MainActivity.java,18df34d37e75c4a4612dfc594cae5d655e684dca,Class.forName,default,de.ecspride.ReflectiveClass,<class>,(),literal,manual finite projection,,,,,,finite identity/string projection only
P006,Reflection3,secure-software-engineering/DroidBench,a57fa6f42f278591695672f1aa8b37c275139370,projects/Reflection/Reflection3/app/src/main/java/de/ecspride/MainActivity.java,18df34d37e75c4a4612dfc594cae5d655e684dca,Class.newInstance,default,de.ecspride.ReflectiveClass,<init>,(),literal,manual finite projection,,,,,,finite identity/string projection only
P007,Reflection3,secure-software-engineering/DroidBench,a57fa6f42f278591695672f1aa8b37c275139370,projects/Reflection/Reflection3/app/src/main/java/de/ecspride/MainActivity.java,18df34d37e75c4a4612dfc594cae5d655e684dca,Class.getMethod,default,de.ecspride.ReflectiveClass,setImei,(String),concat,manual finite projection,,,,,,finite identity/string projection only
P008,Reflection3,secure-software-engineering/DroidBench,a57fa6f42f278591695672f1aa8b37c275139370,projects/Reflection/Reflection3/app/src/main/java/de/ecspride/MainActivity.java,18df34d37e75c4a4612dfc594cae5d655e684dca,Class.getMethod,default,de.ecspride.ReflectiveClass,getImei,(),literal,manual finite projection,,,,,,finite identity/string projection only
P009,Reflection4,secure-software-engineering/DroidBench,a57fa6f42f278591695672f1aa8b37c275139370,projects/Reflection/Reflection4/app/src/main/java/de/ecspride/MainActivity.java,a06fdc94039384115ba5352c6ed349e5636e8b1b,Class.forName,default,de.ecspride.ConcreteClass,<class>,(),literal,manual finite projection,,,,,,finite identity/string projection only
P010,Reflection4,secure-software-engineering/DroidBench,a57fa6f42f278591695672f1aa8b37c275139370,projects/Reflection/Reflection4/app/src/main/java/de/ecspride/MainActivity.java,a06fdc94039384115ba5352c6ed349e5636e8b1b,member reached through reflective instance,default,de.ecspride.ConcreteClass,foo,(Context),literal,manual finite projection,,,,,,downstream member target after reflective instantiation
P011,Reflection4,secure-software-engineering/DroidBench,a57fa6f42f278591695672f1aa8b37c275139370,projects/Reflection/Reflection4/app/src/main/java/de/ecspride/MainActivity.java,a06fdc94039384115ba5352c6ed349e5636e8b1b,member reached through reflective instance,default,de.ecspride.ConcreteClass,bar,(String),literal,manual finite projection,,,,,,downstream member target after reflective instantiation
P012,Reflection5,serval-snt-uni-lu/DroidRA,b766a32a23178a54d095fb0a473e6ec77aad2166,benchmark-apps/eclipse-projects/Reflection_Reflection5/src/lu/uni/snt/reflection5/MainActivity.java,3cc3637fcb5d4480db75b22ecf0b601042ad1594,Class.forName,default,lu.uni.snt.reflection5.ConcreteClass,<class>,(),javac AST,automatic javac AST extraction,third_party/droidra-reflection-sources/Reflection5/MainActivity.java,35,40,"{""op"":""lit"",""value"":""lu.uni.snt.reflection5.ConcreteClass""}","{""op"":""lit"",""value"":""<class>""}",exact redistributed source; accepted event matched pinned gold inventory
P013,Reflection5,serval-snt-uni-lu/DroidRA,b766a32a23178a54d095fb0a473e6ec77aad2166,benchmark-apps/eclipse-projects/Reflection_Reflection5/src/lu/uni/snt/reflection5/MainActivity.java,3cc3637fcb5d4480db75b22ecf0b601042ad1594,Class.getConstructor,default,lu.uni.snt.reflection5.ConcreteClass,<init>,(String),javac AST,automatic javac AST extraction,third_party/droidra-reflection-sources/Reflection5/MainActivity.java,36,52,"{""op"":""lit"",""value"":""lu.uni.snt.reflection5.ConcreteClass""}","{""op"":""lit"",""value"":""<init>""}",exact redistributed source; accepted event matched pinned gold inventory
P014,Reflection6,serval-snt-uni-lu/DroidRA,b766a32a23178a54d095fb0a473e6ec77aad2166,benchmark-apps/eclipse-projects/Reflection_Reflection6/src/lu/uni/snt/reflection6/MainActivity.java,31dcc408714b010dce891b559aeaa9920b9292dc,Class.forName,default,lu.uni.snt.reflection6.ConcreteClass,<class>,(),javac AST,automatic javac AST extraction,third_party/droidra-reflection-sources/Reflection6/MainActivity.java,37,40,"{""op"":""lit"",""value"":""lu.uni.snt.reflection6.ConcreteClass""}","{""op"":""lit"",""value"":""<class>""}",exact redistributed source; accepted event matched pinned gold inventory
P015,Reflection6,serval-snt-uni-lu/DroidRA,b766a32a23178a54d095fb0a473e6ec77aad2166,benchmark-apps/eclipse-projects/Reflection_Reflection6/src/lu/uni/snt/reflection6/MainActivity.java,31dcc408714b010dce891b559aeaa9920b9292dc,Class.getConstructors,default,lu.uni.snt.reflection6.ConcreteClass,<constructors>,[],javac AST,automatic javac AST extraction,third_party/droidra-reflection-sources/Reflection6/MainActivity.java,39,57,"{""op"":""lit"",""value"":""lu.uni.snt.reflection6.ConcreteClass""}","{""op"":""lit"",""value"":""<constructors>""}",exact redistributed source; accepted event matched pinned gold inventory
P016,Reflection7,serval-snt-uni-lu/DroidRA,b766a32a23178a54d095fb0a473e6ec77aad2166,benchmark-apps/eclipse-projects/Reflection_Reflection7/src/lu/uni/snt/reflection7/MainActivity.java,637858279624eb5dd9e3308b7c18952a8edefc6d,Class.forName,default,lu.uni.snt.reflection7.ConcreteClass,<class>,(),javac AST,automatic javac AST extraction,third_party/droidra-reflection-sources/Reflection7/MainActivity.java,37,40,"{""op"":""lit"",""value"":""lu.uni.snt.reflection7.ConcreteClass""}","{""op"":""lit"",""value"":""<class>""}",exact redistributed source; accepted event matched pinned gold inventory
P017,Reflection7,serval-snt-uni-lu/DroidRA,b766a32a23178a54d095fb0a473e6ec77aad2166,benchmark-apps/eclipse-projects/Reflection_Reflection7/src/lu/uni/snt/reflection7/MainActivity.java,637858279624eb5dd9e3308b7c18952a8edefc6d,Class.getConstructor,default,lu.uni.snt.reflection7.ConcreteClass,<init>,(String),javac AST,automatic javac AST extraction,third_party/droidra-reflection-sources/Reflection7/MainActivity.java,39,36,"{""op"":""lit"",""value"":""lu.uni.snt.reflection7.ConcreteClass""}","{""op"":""lit"",""value"":""<init>""}",exact redistributed source; accepted event matched pinned gold inventory
P018,Reflection7,serval-snt-uni-lu/DroidRA,b766a32a23178a54d095fb0a473e6ec77aad2166,benchmark-apps/eclipse-projects/Reflection_Reflection7/src/lu/uni/snt/reflection7/MainActivity.java,637858279624eb5dd9e3308b7c18952a8edefc6d,Class.getMethod,default,lu.uni.snt.reflection7.ConcreteClass,setImei,(String),javac AST,automatic javac AST extraction,third_party/droidra-reflection-sources/Reflection7/MainActivity.java,41,36,"{""op"":""lit"",""value"":""lu.uni.snt.reflection7.ConcreteClass""}","{""op"":""lit"",""value"":""setImei""}",exact redistributed source; accepted event matched pinned gold inventory
P019,Reflection7,serval-snt-uni-lu/DroidRA,b766a32a23178a54d095fb0a473e6ec77aad2166,benchmark-apps/eclipse-projects/Reflection_Reflection7/src/lu/uni/snt/reflection7/MainActivity.java,637858279624eb5dd9e3308b7c18952a8edefc6d,Class.getMethod,default,lu.uni.snt.reflection7.ConcreteClass,getImei,(),javac AST,automatic javac AST extraction,third_party/droidra-reflection-sources/Reflection7/MainActivity.java,44,37,"{""op"":""lit"",""value"":""lu.uni.snt.reflection7.ConcreteClass""}","{""op"":""lit"",""value"":""getImei""}",exact redistributed source; accepted event matched pinned gold inventory
P020,Reflection8,serval-snt-uni-lu/DroidRA,b766a32a23178a54d095fb0a473e6ec77aad2166,benchmark-apps/eclipse-projects/Reflection_Reflection8/src/lu/uni/snt/reflection8/MainActivity.java,93793b309606e4ae09c0184f89c0684496c54a84,ClassLoader.loadClass,app,lu.uni.snt.reflection8.ConcreteClass,<class>,(),javac AST,automatic javac AST extraction,third_party/droidra-reflection-sources/Reflection8/MainActivity.java,30,38,"{""op"":""lit"",""value"":""lu.uni.snt.reflection8.ConcreteClass""}","{""op"":""lit"",""value"":""<class>""}",exact redistributed source; accepted event matched pinned gold inventory
P021,Reflection8,serval-snt-uni-lu/DroidRA,b766a32a23178a54d095fb0a473e6ec77aad2166,benchmark-apps/eclipse-projects/Reflection_Reflection8/src/lu/uni/snt/reflection8/MainActivity.java,93793b309606e4ae09c0184f89c0684496c54a84,Class.newInstance,app,lu.uni.snt.reflection8.ConcreteClass,<init>,(),javac AST,automatic javac AST extraction,third_party/droidra-reflection-sources/Reflection8/MainActivity.java,31,52,"{""op"":""lit"",""value"":""lu.uni.snt.reflection8.ConcreteClass""}","{""op"":""lit"",""value"":""<init>""}",exact redistributed source; accepted event matched pinned gold inventory
P022,Reflection9,serval-snt-uni-lu/DroidRA,b766a32a23178a54d095fb0a473e6ec77aad2166,benchmark-apps/eclipse-projects/Reflection_Reflection9/src/lu/uni/snt/reflection9/MainActivity.java,a135998b103c496d08ed1af7fccbbd2694d8297f,ClassLoader.loadClass,app,lu.uni.snt.reflection9.ConcreteClass,<class>,(),javac AST,automatic javac AST extraction,third_party/droidra-reflection-sources/Reflection9/MainActivity.java,38,38,"{""op"":""lit"",""value"":""lu.uni.snt.reflection9.ConcreteClass""}","{""op"":""lit"",""value"":""<class>""}",exact redistributed source; accepted event matched pinned gold inventory
P023,Reflection9,serval-snt-uni-lu/DroidRA,b766a32a23178a54d095fb0a473e6ec77aad2166,benchmark-apps/eclipse-projects/Reflection_Reflection9/src/lu/uni/snt/reflection9/MainActivity.java,a135998b103c496d08ed1af7fccbbd2694d8297f,Class.newInstance,app,lu.uni.snt.reflection9.ConcreteClass,<init>,(),javac AST,automatic javac AST extraction,third_party/droidra-reflection-sources/Reflection9/MainActivity.java,39,37,"{""op"":""lit"",""value"":""lu.uni.snt.reflection9.ConcreteClass""}","{""op"":""lit"",""value"":""<init>""}",exact redistributed source; accepted event matched pinned gold inventory
P024,Reflection9,serval-snt-uni-lu/DroidRA,b766a32a23178a54d095fb0a473e6ec77aad2166,benchmark-apps/eclipse-projects/Reflection_Reflection9/src/lu/uni/snt/reflection9/MainActivity.java,a135998b103c496d08ed1af7fccbbd2694d8297f,Class.getField,app,lu.uni.snt.reflection9.ConcreteClass,imei,field,javac AST,automatic javac AST extraction,third_party/droidra-reflection-sources/Reflection9/MainActivity.java,41,35,"{""op"":""lit"",""value"":""lu.uni.snt.reflection9.ConcreteClass""}","{""op"":""lit"",""value"":""imei""}",exact redistributed source; accepted event matched pinned gold inventory
P025,Reflection9,serval-snt-uni-lu/DroidRA,b766a32a23178a54d095fb0a473e6ec77aad2166,benchmark-apps/eclipse-projects/Reflection_Reflection9/src/lu/uni/snt/reflection9/MainActivity.java,a135998b103c496d08ed1af7fccbbd2694d8297f,Class.getMethod,app,lu.uni.snt.reflection9.ConcreteClass,getImei,(),javac AST,automatic javac AST extraction,third_party/droidra-reflection-sources/Reflection9/MainActivity.java,44,36,"{""op"":""lit"",""value"":""lu.uni.snt.reflection9.ConcreteClass""}","{""op"":""lit"",""value"":""getImei""}",exact redistributed source; accepted event matched pinned gold inventory
P026,Reflection10,serval-snt-uni-lu/DroidRA,b766a32a23178a54d095fb0a473e6ec77aad2166,benchmark-apps/eclipse-projects/Reflection_Reflection10/src/lu/uni/snt/reflection10/MainActivity.java,66465d88d8b3fe933f7e5a269ae3b270b092c4d1,ClassLoader.loadClass,app,lu.uni.snt.reflection10.ConcreteClass,<class>,(),javac AST,automatic javac AST extraction,third_party/droidra-reflection-sources/Reflection10/MainActivity.java,37,38,"{""op"":""lit"",""value"":""lu.uni.snt.reflection10.ConcreteClass""}","{""op"":""lit"",""value"":""<class>""}",exact redistributed source; accepted event matched pinned gold inventory
P027,Reflection10,serval-snt-uni-lu/DroidRA,b766a32a23178a54d095fb0a473e6ec77aad2166,benchmark-apps/eclipse-projects/Reflection_Reflection10/src/lu/uni/snt/reflection10/MainActivity.java,66465d88d8b3fe933f7e5a269ae3b270b092c4d1,Class.getConstructor,app,lu.uni.snt.reflection10.ConcreteClass,<init>,(String),javac AST,automatic javac AST extraction,third_party/droidra-reflection-sources/Reflection10/MainActivity.java,39,36,"{""op"":""lit"",""value"":""lu.uni.snt.reflection10.ConcreteClass""}","{""op"":""lit"",""value"":""<init>""}",exact redistributed source; accepted event matched pinned gold inventory
P028,Reflection10,serval-snt-uni-lu/DroidRA,b766a32a23178a54d095fb0a473e6ec77aad2166,benchmark-apps/eclipse-projects/Reflection_Reflection10/src/lu/uni/snt/reflection10/MainActivity.java,66465d88d8b3fe933f7e5a269ae3b270b092c4d1,Class.getField,app,lu.uni.snt.reflection10.ConcreteClass,imei,field,javac AST,automatic javac AST extraction,third_party/droidra-reflection-sources/Reflection10/MainActivity.java,41,35,"{""op"":""lit"",""value"":""lu.uni.snt.reflection10.ConcreteClass""}","{""op"":""lit"",""value"":""imei""}",exact redistributed source; accepted event matched pinned gold inventory
P029,Reflection11,serval-snt-uni-lu/DroidRA,b766a32a23178a54d095fb0a473e6ec77aad2166,benchmark-apps/eclipse-projects/Reflection_Reflection11/src/lu/uni/snt/reflection11/InFlowActivity.java,7f6e104166f3f860dfdc98e0c7a79d7f1dc8ef46,Class.forName,default,lu.uni.snt.reflection11.ReflectiveClass,<class>,(),javac AST,automatic javac AST extraction,third_party/droidra-reflection-sources/Reflection11/InFlowActivity.java,23,35,"{""op"":""lit"",""value"":""lu.uni.snt.reflection11.ReflectiveClass""}","{""op"":""lit"",""value"":""<class>""}",exact redistributed source; accepted event matched pinned gold inventory
P030,Reflection11,serval-snt-uni-lu/DroidRA,b766a32a23178a54d095fb0a473e6ec77aad2166,benchmark-apps/eclipse-projects/Reflection_Reflection11/src/lu/uni/snt/reflection11/InFlowActivity.java,7f6e104166f3f860dfdc98e0c7a79d7f1dc8ef46,Class.newInstance,default,lu.uni.snt.reflection11.ReflectiveClass,<init>,(),javac AST,automatic javac AST extraction,third_party/droidra-reflection-sources/Reflection11/InFlowActivity.java,24,36,"{""op"":""lit"",""value"":""lu.uni.snt.reflection11.ReflectiveClass""}","{""op"":""lit"",""value"":""<init>""}",exact redistributed source; accepted event matched pinned gold inventory
P031,Reflection11,serval-snt-uni-lu/DroidRA,b766a32a23178a54d095fb0a473e6ec77aad2166,benchmark-apps/eclipse-projects/Reflection_Reflection11/src/lu/uni/snt/reflection11/InFlowActivity.java,7f6e104166f3f860dfdc98e0c7a79d7f1dc8ef46,Class.getMethod,default,lu.uni.snt.reflection11.ReflectiveClass,setImei,(String),javac AST,automatic javac AST extraction,third_party/droidra-reflection-sources/Reflection11/InFlowActivity.java,25,36,"{""op"":""lit"",""value"":""lu.uni.snt.reflection11.ReflectiveClass""}","{""op"":""lit"",""value"":""setImei""}",exact redistributed source; accepted event matched pinned gold inventory
P032,Reflection11,serval-snt-uni-lu/DroidRA,b766a32a23178a54d095fb0a473e6ec77aad2166,benchmark-apps/eclipse-projects/Reflection_Reflection11/src/lu/uni/snt/reflection11/InFlowActivity.java,7f6e104166f3f860dfdc98e0c7a79d7f1dc8ef46,Class.getMethod,default,lu.uni.snt.reflection11.ReflectiveClass,getImei,(),javac AST,automatic javac AST extraction,third_party/droidra-reflection-sources/Reflection11/InFlowActivity.java,28,37,"{""op"":""lit"",""value"":""lu.uni.snt.reflection11.ReflectiveClass""}","{""op"":""lit"",""value"":""getImei""}",exact redistributed source; accepted event matched pinned gold inventory
P033,Reflection12,serval-snt-uni-lu/DroidRA,b766a32a23178a54d095fb0a473e6ec77aad2166,benchmark-apps/eclipse-projects/Reflection_Reflection12/src/lu/uni/snt/reflection12/MainActivity.java,7466d42a589fff30cf12ffaeeee6c90bbfda985d,Class.forName,default,lu.uni.snt.reflection12.ConcreteClass,<class>,(),javac AST,automatic javac AST extraction,third_party/droidra-reflection-sources/Reflection12/MainActivity.java,37,40,"{""op"":""lit"",""value"":""lu.uni.snt.reflection12.ConcreteClass""}","{""op"":""lit"",""value"":""<class>""}",exact redistributed source; accepted event matched pinned gold inventory
P034,Reflection12,serval-snt-uni-lu/DroidRA,b766a32a23178a54d095fb0a473e6ec77aad2166,benchmark-apps/eclipse-projects/Reflection_Reflection12/src/lu/uni/snt/reflection12/MainActivity.java,7466d42a589fff30cf12ffaeeee6c90bbfda985d,Class.getConstructor,default,lu.uni.snt.reflection12.ConcreteClass,<init>,(String),javac AST,automatic javac AST extraction,third_party/droidra-reflection-sources/Reflection12/MainActivity.java,39,36,"{""op"":""lit"",""value"":""lu.uni.snt.reflection12.ConcreteClass""}","{""op"":""lit"",""value"":""<init>""}",exact redistributed source; accepted event matched pinned gold inventory
P035,Reflection12,serval-snt-uni-lu/DroidRA,b766a32a23178a54d095fb0a473e6ec77aad2166,benchmark-apps/eclipse-projects/Reflection_Reflection12/src/lu/uni/snt/reflection12/MainActivity.java,7466d42a589fff30cf12ffaeeee6c90bbfda985d,Class.getField,default,lu.uni.snt.reflection12.ConcreteClass,imei,field,javac AST,automatic javac AST extraction,third_party/droidra-reflection-sources/Reflection12/MainActivity.java,41,35,"{""op"":""lit"",""value"":""lu.uni.snt.reflection12.ConcreteClass""}","{""op"":""lit"",""value"":""imei""}",exact redistributed source; accepted event matched pinned gold inventory
P036,Reflection12,serval-snt-uni-lu/DroidRA,b766a32a23178a54d095fb0a473e6ec77aad2166,benchmark-apps/eclipse-projects/Reflection_Reflection12/src/lu/uni/snt/reflection12/MainActivity.java,7466d42a589fff30cf12ffaeeee6c90bbfda985d,Class.getField,default,lu.uni.snt.reflection12.ConcreteClass,imei,field,javac AST,automatic javac AST extraction,third_party/droidra-reflection-sources/Reflection12/MainActivity.java,44,36,"{""op"":""lit"",""value"":""lu.uni.snt.reflection12.ConcreteClass""}","{""op"":""lit"",""value"":""imei""}",exact redistributed source; accepted event matched pinned gold inventory
P037,Reflection13,serval-snt-uni-lu/DroidRA,b766a32a23178a54d095fb0a473e6ec77aad2166,benchmark-apps/eclipse-projects/Reflection_Reflection13/src/lu/uni/snt/reflection13/MainActivity.java,a00c927dbc826681e515443d8d5a550b82fd4ed3,Class.forName,default,lu.uni.snt.reflection13.ConcreteClass,<class>,(),javac AST,automatic javac AST extraction,third_party/droidra-reflection-sources/Reflection13/MainActivity.java,38,40,"{""op"":""lit"",""value"":""lu.uni.snt.reflection13.ConcreteClass""}","{""op"":""lit"",""value"":""<class>""}",exact redistributed source; accepted event matched pinned gold inventory
P038,Reflection13,serval-snt-uni-lu/DroidRA,b766a32a23178a54d095fb0a473e6ec77aad2166,benchmark-apps/eclipse-projects/Reflection_Reflection13/src/lu/uni/snt/reflection13/MainActivity.java,a00c927dbc826681e515443d8d5a550b82fd4ed3,Class.getConstructor,default,lu.uni.snt.reflection13.ConcreteClass,<init>,(String),javac AST,automatic javac AST extraction,third_party/droidra-reflection-sources/Reflection13/MainActivity.java,40,36,"{""op"":""lit"",""value"":""lu.uni.snt.reflection13.ConcreteClass""}","{""op"":""lit"",""value"":""<init>""}",exact redistributed source; accepted event matched pinned gold inventory
P039,Reflection13,serval-snt-uni-lu/DroidRA,b766a32a23178a54d095fb0a473e6ec77aad2166,benchmark-apps/eclipse-projects/Reflection_Reflection13/src/lu/uni/snt/reflection13/MainActivity.java,a00c927dbc826681e515443d8d5a550b82fd4ed3,Class.getFields,default,lu.uni.snt.reflection13.ConcreteClass,<fields>,fields[],javac AST,automatic javac AST extraction,third_party/droidra-reflection-sources/Reflection13/MainActivity.java,42,38,"{""op"":""lit"",""value"":""lu.uni.snt.reflection13.ConcreteClass""}","{""op"":""lit"",""value"":""<fields>""}",exact redistributed source; accepted event matched pinned gold inventory
P040,Reflection13,serval-snt-uni-lu/DroidRA,b766a32a23178a54d095fb0a473e6ec77aad2166,benchmark-apps/eclipse-projects/Reflection_Reflection13/src/lu/uni/snt/reflection13/MainActivity.java,a00c927dbc826681e515443d8d5a550b82fd4ed3,Class.getField,default,lu.uni.snt.reflection13.ConcreteClass,imei,field,javac AST,automatic javac AST extraction,third_party/droidra-reflection-sources/Reflection13/MainActivity.java,53,36,"{""op"":""lit"",""value"":""lu.uni.snt.reflection13.ConcreteClass""}","{""op"":""lit"",""value"":""imei""}",exact redistributed source; accepted event matched pinned gold inventory
