case,population,roots,full_tree_slots,per_root_reduced_nodes,shared_nodes
F01,boundary,8,8,8,7
F02,boundary,11,11,11,10
F03,boundary,11,33,19,12
F04,boundary,12,36,20,14
F05,boundary,12,36,20,13
F06,boundary,12,84,31,18
F07,boundary,18,270,60,27
F08,boundary,12,84,28,19
F09,boundary,10,30,16,12
F10,boundary,11,33,17,13
F11,boundary,11,33,17,13
F12,boundary,10,30,16,12
F13,boundary,9,27,13,11
F14,boundary,10,30,18,12
F15,boundary,9,9,9,8
F16,boundary,10,30,12,9
F17,boundary,11,11,11,10
F18,boundary,11,11,11,10
F19,boundary,12,36,22,14
F20,boundary,11,33,19,15
F21,boundary,12,36,20,13
F22,boundary,10,30,16,12
F23,boundary,12,84,25,16
F24,boundary,73,597943,1173,210
G001,generated,24,744,70,53
G002,generated,25,775,55,31
G003,generated,19,285,43,26
G004,generated,40,1240,120,70
G005,generated,31,1953,86,53
G006,generated,44,5588,149,85
G007,generated,18,126,28,19
G008,generated,34,510,82,48
G009,generated,30,930,75,41
G010,generated,38,2394,99,63
G011,generated,25,1575,73,54
G012,generated,32,2016,76,43
G013,generated,27,405,59,38
G014,generated,38,1178,96,61
G015,generated,27,1701,63,35
G016,generated,37,4699,106,68
G017,generated,25,6375,58,31
G018,generated,42,21462,159,97
G019,generated,17,51,25,19
G020,generated,29,203,57,32
G021,generated,24,744,70,53
G022,generated,29,899,68,42
G023,generated,25,1575,63,38
G024,generated,45,5715,168,102
G025,generated,20,140,36,25
G026,generated,37,555,83,46
G027,generated,24,744,60,37
G028,generated,31,1953,70,42
G029,generated,22,2794,52,30
G030,generated,40,10200,131,77
G031,generated,26,3302,76,55
G032,generated,33,4191,80,46
G033,generated,27,1701,69,41
G034,generated,39,4953,133,93
G035,generated,27,6885,74,45
G036,generated,44,22484,169,105
G037,generated,15,45,21,16
G038,generated,34,238,70,37
G039,generated,27,405,69,42
G040,generated,32,992,73,47
G041,generated,24,744,70,53
G042,generated,26,806,60,37
G043,generated,22,154,40,27
G044,generated,25,375,49,32
G045,generated,28,868,69,40
G046,generated,31,1953,94,62
G047,generated,28,3556,79,53
G048,generated,33,8415,105,57
G049,generated,25,375,55,40
G050,generated,37,1147,84,49
G051,generated,26,3302,76,55
G052,generated,27,3429,61,35
G053,generated,29,7395,70,39
G054,generated,35,17885,107,59
G055,generated,19,57,29,22
G056,generated,28,196,54,30
G057,generated,27,405,61,37
G058,generated,37,1147,93,56
G059,generated,31,1953,81,48
G060,generated,35,4445,126,76
G061,generated,25,1575,73,54
G062,generated,30,1890,72,42
G063,generated,26,806,64,40
G064,generated,26,1638,61,38
G065,generated,34,4318,98,61
G066,generated,48,12240,150,82
G067,generated,21,315,35,22
G068,generated,28,868,60,32
G069,generated,27,1701,66,33
G070,generated,31,3937,88,56
G071,generated,26,3302,76,55
G072,generated,28,3556,66,39
G073,generated,17,51,25,18
G074,generated,31,217,63,34
G075,generated,29,435,73,44
G076,generated,29,899,71,43
G077,generated,21,1323,50,30
G078,generated,38,4826,127,74
G079,generated,28,196,60,39
G080,generated,33,495,73,40
G081,generated,25,1575,73,54
G082,generated,34,2142,90,54
G083,generated,26,3302,67,40
G084,generated,33,8415,103,57
G085,generated,27,405,63,40
G086,generated,32,992,76,49
G087,generated,25,1575,63,37
G088,generated,36,4572,99,61
G089,generated,23,5865,54,30
G090,generated,42,21462,147,87
G091,generated,24,744,70,53
G092,generated,24,744,52,30
G093,generated,25,375,61,33
G094,generated,25,775,57,35
G095,generated,27,1701,71,41
G096,generated,37,4699,121,69
G097,generated,22,154,36,26
G098,generated,28,420,60,37
G099,generated,26,806,60,34
G100,generated,34,2142,95,61
G101,generated,25,1575,73,54
G102,generated,35,2205,107,70
G103,generated,17,255,27,19
G104,generated,32,992,70,36
G105,generated,31,1953,89,53
G106,generated,34,4318,126,89
G107,generated,21,5355,48,25
G108,generated,43,21973,137,77
G109,generated,19,57,29,21
G110,generated,30,210,60,37
G111,generated,24,744,70,53
G112,generated,34,1054,86,52
G113,generated,31,1953,91,56
G114,generated,44,5588,147,87
G115,generated,22,154,44,28
G116,generated,27,405,59,36
G117,generated,24,744,55,31
G118,generated,38,2394,93,54
G119,generated,34,4318,108,71
G120,generated,38,9690,143,91
G121,generated,26,3302,76,55
G122,generated,34,4318,95,63
G123,generated,23,1449,55,32
G124,generated,40,5080,111,65
G125,generated,29,7395,66,35
G126,generated,42,21462,139,77
G127,generated,15,45,21,17
G128,generated,34,238,74,43
G129,generated,27,405,65,35
G130,generated,31,961,75,45
G131,generated,24,744,70,53
G132,generated,25,775,53,32
G133,generated,22,154,40,27
G134,generated,24,360,48,31
G135,generated,30,930,76,44
G136,generated,36,2268,87,49
G137,generated,24,3048,63,39
G138,generated,42,10710,136,78
G139,generated,27,405,63,40
G140,generated,31,961,61,39
G141,generated,26,3302,76,55
G142,generated,28,3556,64,36
G143,generated,31,7905,102,65
G144,generated,32,16352,102,56
G145,generated,15,45,21,17
G146,generated,39,273,89,47
G147,generated,25,375,65,40
G148,generated,33,1023,83,49
G149,generated,25,1575,55,30
G150,generated,37,4699,128,80
G151,generated,25,1575,73,54
G152,generated,29,1827,69,41
G153,generated,20,620,47,27
G154,generated,27,1701,74,48
G155,generated,26,3302,65,38
G156,generated,35,8925,118,67
G157,generated,25,375,63,45
G158,generated,30,930,68,42
G159,generated,25,1575,62,35
G160,generated,39,4953,105,62
G161,generated,26,3302,76,55
G162,generated,30,3810,78,49
G163,generated,21,63,33,24
G164,generated,31,217,63,36
G165,generated,27,405,65,35
G166,generated,33,1023,88,56
G167,generated,23,1449,54,31
G168,generated,41,5207,130,72
G169,generated,20,140,36,26
G170,generated,24,360,48,29
G171,generated,25,1575,73,54
G172,generated,29,1827,69,41
G173,generated,26,3302,65,38
G174,generated,39,9945,130,76
G175,generated,21,315,39,26
G176,generated,29,899,57,32
G177,generated,23,1449,55,31
G178,generated,29,3683,70,42
G179,generated,25,6375,62,35
G180,generated,42,21462,136,72
G181,generated,24,744,70,53
G182,generated,35,1085,96,58
G183,generated,21,315,47,27
G184,generated,36,1116,102,66
G185,generated,29,1827,68,41
G186,generated,39,4953,126,72
G187,generated,28,196,60,39
G188,generated,25,375,55,34
G189,generated,24,744,55,31
G190,generated,33,2079,76,44
G191,generated,25,1575,73,54
G192,generated,27,1701,63,38
G193,generated,21,315,47,34
G194,generated,26,806,55,35
G195,generated,25,1575,65,41
G196,generated,36,4572,109,69
G197,generated,23,5865,52,28
G198,generated,40,20440,125,73
G199,generated,21,63,33,24
G200,generated,33,231,73,41
G201,generated,24,744,70,53
G202,generated,28,868,67,41
G203,generated,25,1575,64,39
G204,generated,45,5715,148,86
G205,generated,14,98,18,13
G206,generated,29,435,59,38
G207,generated,28,868,72,42
G208,generated,37,2331,110,71
G209,generated,30,3810,76,44
G210,generated,36,9180,121,71
G211,generated,26,3302,76,55
G212,generated,32,4064,79,47
G213,generated,27,1701,70,42
G214,generated,44,5588,125,75
G215,generated,31,7905,74,38
G216,generated,43,21973,164,101
G217,generated,21,63,33,24
G218,generated,35,245,77,43
G219,generated,25,375,61,33
G220,generated,28,868,70,44
G221,generated,24,744,70,53
G222,generated,26,806,60,37
G223,generated,20,140,32,21
G224,generated,27,405,57,36
G225,generated,30,930,79,47
G226,generated,33,2079,87,56
G227,generated,24,3048,63,39
G228,generated,43,10965,143,83
G229,generated,21,315,47,34
G230,generated,38,1178,92,54
G231,generated,26,3302,76,55
G232,generated,33,4191,71,41
G233,generated,23,5865,54,30
G234,generated,40,20440,121,68
G235,generated,21,63,33,22
G236,generated,30,210,62,33
G237,generated,25,375,61,34
G238,generated,33,1023,82,48
G239,generated,29,1827,73,40
G240,generated,34,4318,111,65
G241,generated,25,1575,73,54
G242,generated,31,1953,69,39
G243,generated,24,744,60,36
G244,generated,40,2520,110,65
G245,generated,28,3556,80,48
G246,generated,41,10455,133,79
G247,generated,21,315,47,34
G248,generated,33,1023,71,37
G249,generated,21,1323,50,28
G250,generated,37,4699,101,63
G251,generated,26,3302,76,55
G252,generated,36,4572,98,61
G253,generated,21,63,33,24
G254,generated,23,161,43,26
G255,generated,25,375,57,33
G256,generated,38,1178,101,61
G257,generated,25,1575,61,37
G258,generated,36,4572,112,67
G259,generated,24,168,52,35
G260,generated,28,420,60,39
G261,generated,25,1575,73,54
G262,generated,33,2079,89,53
G263,generated,24,3048,61,37
G264,generated,35,8925,103,55
G265,generated,21,315,47,34
G266,generated,29,899,65,40
G267,generated,25,1575,63,37
G268,generated,32,4064,91,57
G269,generated,31,7905,86,49
G270,generated,42,21462,149,87
G271,generated,24,744,70,53
G272,generated,28,868,64,36
G273,generated,23,345,53,34
G274,generated,26,806,62,39
G275,generated,29,1827,84,51
G276,generated,41,5207,128,70
G277,generated,26,182,52,31
G278,generated,25,375,55,35
G279,generated,22,682,56,34
G280,generated,31,1953,82,48
G281,generated,25,1575,73,54
G282,generated,34,2142,88,53
G283,generated,27,405,67,46
G284,generated,30,930,64,40
G285,generated,25,1575,63,37
G286,generated,28,3556,77,49
G287,generated,25,6375,62,35
G288,generated,44,22484,146,85
G289,generated,19,57,29,21
G290,generated,29,203,57,33
G291,generated,24,744,70,53
G292,generated,24,744,50,30
G293,generated,29,1827,81,49
G294,generated,44,5588,161,99
G295,generated,16,112,24,18
G296,generated,28,420,58,35
G297,generated,26,806,59,36
G298,generated,37,2331,118,80
G299,generated,24,3048,63,38
G300,generated,39,9945,139,85
G301,generated,26,3302,76,55
G302,generated,30,3810,69,39
G303,generated,29,1827,89,56
G304,generated,31,3937,69,41
G305,generated,33,8415,86,49
G306,generated,39,19929,125,73
G307,generated,19,57,29,21
G308,generated,30,210,58,33
G309,generated,17,255,39,24
G310,generated,36,1116,98,58
G311,generated,24,744,70,53
G312,generated,30,930,66,43
G313,generated,18,126,28,22
G314,generated,26,390,56,34
G315,generated,22,682,52,30
G316,generated,35,2205,105,65
G317,generated,26,3302,67,40
G318,generated,34,8670,120,70
G319,generated,23,345,39,26
G320,generated,36,1116,76,41
G321,generated,26,3302,76,55
G322,generated,32,4064,76,46
G323,generated,27,6885,62,33
G324,generated,37,18907,128,76
G325,generated,19,57,29,20
G326,generated,24,168,44,27
G327,generated,25,375,57,33
G328,generated,32,992,90,56
G329,generated,27,1701,69,39
G330,generated,36,4572,109,63
G331,generated,25,1575,73,54
G332,generated,33,2079,81,45
G333,generated,24,744,59,35
G334,generated,28,1764,76,50
G335,generated,30,3810,86,51
G336,generated,47,11985,172,100
G337,generated,27,405,63,40
G338,generated,38,1178,94,55
G339,generated,27,1701,70,38
G340,generated,34,4318,87,57
G341,generated,26,3302,76,55
G342,generated,27,3429,59,34
G343,generated,19,57,29,20
G344,generated,25,175,49,27
G345,generated,27,405,65,35
G346,generated,29,899,83,55
G347,generated,27,1701,65,41
G348,generated,38,4826,120,72
G349,generated,24,168,52,35
G350,generated,28,420,60,35
G351,generated,25,1575,73,54
G352,generated,29,1827,63,39
G353,generated,34,4318,90,53
G354,generated,41,10455,145,86
G355,generated,21,315,43,27
G356,generated,37,1147,83,48
G357,generated,31,1953,87,51
G358,generated,38,4826,116,76
G359,generated,31,7905,82,51
G360,generated,44,22484,166,101
G361,generated,24,744,70,53
G362,generated,35,1085,86,48
G363,generated,21,315,49,29
G364,generated,34,1054,96,62
G365,generated,23,1449,56,34
G366,generated,46,5842,175,107
G367,generated,20,140,36,25
G368,generated,34,510,76,45
G369,generated,28,868,71,39
G370,generated,30,1890,79,54
G371,generated,25,1575,73,54
G372,generated,37,2331,99,62
G373,generated,17,255,27,18
G374,generated,27,837,67,44
G375,generated,23,1449,55,31
G376,generated,38,4826,109,69
G377,generated,27,6885,66,39
G378,generated,42,21462,136,74
G379,generated,19,57,29,20
G380,generated,38,266,86,47
G381,generated,24,744,70,53
G382,generated,30,930,73,45
G383,generated,27,1701,61,36
G384,generated,38,4826,130,76
G385,generated,26,182,56,37
G386,generated,32,480,68,39
G387,generated,24,744,56,32
G388,generated,36,2268,103,69
G389,generated,26,3302,67,40
G390,generated,35,8925,122,72
G391,generated,26,3302,76,55
G392,generated,34,4318,95,63
G393,generated,25,1575,65,39
G394,generated,34,4318,95,58
G395,generated,21,5355,48,26
G396,generated,48,24528,153,85
G397,generated,19,57,29,20
G398,generated,30,210,58,35
G399,generated,25,375,57,35
G400,generated,34,1054,84,48
G401,generated,24,744,70,53
G402,generated,27,837,57,34
G403,generated,24,168,48,30
G404,generated,28,420,58,36
G405,generated,26,806,63,34
G406,generated,29,1827,84,56
G407,generated,24,3048,61,36
G408,generated,42,10710,162,102
G409,generated,17,255,27,19
G410,generated,31,961,72,42
G411,generated,26,3302,76,55
G412,generated,29,3683,69,41
G413,generated,33,8415,94,57
G414,generated,41,20951,146,85
G415,generated,19,57,29,20
G416,generated,34,238,74,44
G417,generated,27,405,65,36
G418,generated,30,930,71,47
G419,generated,23,1449,53,30
G420,generated,43,5461,139,83
G421,generated,25,1575,73,54
G422,generated,26,1638,60,34
G423,generated,28,868,68,36
G424,generated,33,2079,82,51
G425,generated,30,3810,83,54
G426,generated,37,9435,119,67
G427,generated,23,345,43,28
G428,generated,35,1085,75,40
G429,generated,29,1827,70,41
G430,generated,38,4826,110,70
G431,generated,26,3302,76,55
G432,generated,29,3683,67,40
G433,generated,21,63,33,22
G434,generated,32,224,70,41
G435,generated,21,315,49,29
G436,generated,41,1271,114,72
G437,generated,25,1575,66,41
G438,generated,39,4953,138,79
G439,generated,20,140,36,25
G440,generated,29,435,63,39
G441,generated,25,1575,73,54
G442,generated,30,1890,70,42
G443,generated,28,3556,69,40
G444,generated,39,9945,130,78
G445,generated,25,375,55,37
G446,generated,36,1116,85,50
G447,generated,21,1323,49,27
G448,generated,40,5080,122,78
G449,generated,33,8415,82,43
G450,generated,41,20951,156,96
G451,generated,24,744,70,53
G452,generated,28,868,62,36
G453,generated,21,315,49,30
G454,generated,32,992,78,46
G455,generated,27,1701,66,36
G456,generated,44,5588,169,105
G457,generated,22,154,40,27
G458,generated,29,435,61,35
G459,generated,24,744,60,36
G460,generated,31,1953,82,55
G461,generated,25,1575,73,54
G462,generated,28,1764,60,35
G463,generated,17,255,27,19
G464,generated,37,1147,85,48
G465,generated,31,1953,89,53
G466,generated,34,4318,83,51
G467,generated,27,6885,62,33
G468,generated,38,19418,120,65
G469,generated,15,45,21,17
G470,generated,32,224,66,33
G471,generated,24,744,70,53
G472,generated,26,806,58,34
G473,generated,31,1953,91,56
G474,generated,35,4445,113,68
G475,generated,22,154,40,27
G476,generated,36,540,84,50
G477,generated,22,682,51,29
G478,generated,43,2709,139,91
G479,generated,32,4064,84,49
G480,generated,40,10200,133,75
G481,generated,26,3302,76,55
G482,generated,37,4699,106,64
G483,generated,31,1953,79,45
G484,generated,36,4572,92,51
G485,generated,31,7905,82,48
G486,generated,41,20951,134,76
G487,generated,21,63,33,22
G488,generated,25,175,45,28
G489,generated,17,255,39,24
G490,generated,34,1054,83,46
G491,generated,24,744,70,53
G492,generated,32,992,84,51
G493,generated,18,126,28,19
G494,generated,30,450,62,36
G495,generated,30,930,76,45
G496,generated,29,1827,75,48
G497,generated,28,3556,74,42
G498,generated,38,9690,118,66
G499,generated,23,345,39,27
G500,generated,27,837,55,32
G501,generated,26,3302,76,55
G502,generated,31,3937,73,43
G503,generated,25,6375,58,31
G504,generated,50,25550,181,105
G505,generated,23,69,37,26
G506,generated,28,196,56,31
G507,generated,23,345,53,31
G508,generated,39,1209,117,71
G509,generated,29,1827,73,40
G510,generated,38,4826,157,103
G511,generated,25,1575,73,54
G512,generated,30,1890,72,42
G513,generated,26,806,63,37
G514,generated,32,2016,89,58
G515,generated,26,3302,61,34
G516,generated,41,10455,141,78
G517,generated,23,345,43,28
G518,generated,25,775,63,41
G519,generated,21,1323,48,26
G520,generated,32,4064,88,56
G521,generated,26,3302,76,55
G522,generated,30,3810,70,41
G523,generated,21,63,33,22
G524,generated,31,217,61,34
G525,generated,23,345,53,31
G526,generated,36,1116,100,64
G527,generated,31,1953,89,57
G528,generated,36,4572,111,67
G529,generated,20,140,36,25
G530,generated,33,495,73,39
G531,generated,25,1575,73,54
G532,generated,37,2331,101,63
G533,generated,28,3556,83,54
G534,generated,39,9945,123,73
G535,generated,27,405,67,46
G536,generated,34,1054,78,45
G537,generated,31,1953,87,51
G538,generated,36,4572,103,61
G539,generated,33,8415,90,51
G540,generated,37,18907,132,77
G541,generated,24,744,70,53
G542,generated,31,961,70,42
G543,generated,23,345,53,31
G544,generated,31,961,75,43
G545,generated,21,1323,49,28
G546,generated,36,4572,130,78
G547,generated,16,112,24,18
G548,generated,27,405,59,36
G549,generated,24,744,55,32
G550,generated,33,2079,81,47
G551,generated,25,1575,73,54
G552,generated,25,1575,55,32
G553,generated,21,315,39,26
G554,generated,30,930,60,34
G555,generated,23,1449,53,32
G556,generated,29,3683,65,40
G557,generated,27,6885,66,37
G558,generated,42,21462,137,77
G559,generated,19,57,29,22
G560,generated,34,238,70,37
G561,generated,24,744,70,53
G562,generated,23,713,49,29
G563,generated,29,1827,72,40
G564,generated,42,5334,143,84
G565,generated,20,140,36,25
G566,generated,34,510,82,48
G567,generated,24,744,56,33
G568,generated,37,2331,107,69
G569,generated,22,2794,53,30
G570,generated,41,10455,128,69
G571,generated,26,3302,76,55
G572,generated,30,3810,73,43
G573,generated,27,1701,69,41
G574,generated,39,4953,99,61
G575,generated,31,7905,78,42
G576,generated,37,18907,135,80
G577,generated,21,63,33,24
G578,generated,31,217,61,36
G579,generated,23,345,53,33
G580,generated,34,1054,102,68
G581,generated,24,744,70,53
G582,generated,29,899,65,40
G583,generated,26,182,52,31
G584,generated,39,585,103,57
G585,generated,24,744,55,33
G586,generated,34,2142,93,57
G587,generated,28,3556,65,39
G588,generated,41,10455,141,87
G589,generated,19,285,35,24
G590,generated,34,1054,77,42
G591,generated,26,3302,76,55
G592,generated,34,4318,92,54
G593,generated,27,6885,62,33
G594,generated,43,21973,172,110
G595,generated,17,51,25,19
G596,generated,35,245,77,38
G597,generated,29,435,73,43
G598,generated,30,930,66,40
G599,generated,25,1575,65,36
G600,generated,46,5842,175,107
P001,manual-public,12,12,12,10
P002,manual-public,12,12,12,10
P003,manual-public,12,12,12,10
P004,manual-public,12,12,12,10
P005,manual-public,12,12,12,10
P006,manual-public,12,12,12,10
P007,manual-public,14,14,14,13
P008,manual-public,12,12,12,10
P009,manual-public,12,12,12,10
P010,manual-public,12,12,12,11
P011,manual-public,12,12,12,11
P012,source-public,7,7,7,6
P013,source-public,7,7,7,6
P014,source-public,7,7,7,6
P015,source-public,7,7,7,6
P016,source-public,7,7,7,6
P017,source-public,7,7,7,6
P018,source-public,7,7,7,6
P019,source-public,7,7,7,6
P020,source-public,7,7,7,6
P021,source-public,7,7,7,6
P022,source-public,7,7,7,6
P023,source-public,7,7,7,6
P024,source-public,7,7,7,6
P025,source-public,7,7,7,6
P026,source-public,7,7,7,6
P027,source-public,7,7,7,6
P028,source-public,7,7,7,6
P029,source-public,7,7,7,6
P030,source-public,7,7,7,6
P031,source-public,7,7,7,6
P032,source-public,7,7,7,6
P033,source-public,7,7,7,6
P034,source-public,7,7,7,6
P035,source-public,7,7,7,6
P036,source-public,7,7,7,6
P037,source-public,7,7,7,6
P038,source-public,7,7,7,6
P039,source-public,7,7,7,6
P040,source-public,7,7,7,6
