case,population,flat_bytes,factor_bytes,dispatch_bytes,flat_gzip_bytes,factor_gzip_bytes,dispatch_gzip_bytes,raw_flat_factor_ratio,gzip_flat_factor_ratio
F01,boundary,615,878,484,281,342,266,0.7004555808656037,0.8216374269005848
F02,boundary,706,1059,546,304,373,283,0.6666666666666666,0.8150134048257373
F03,boundary,935,1276,672,363,452,329,0.7327586206896551,0.8030973451327433
F04,boundary,1008,1420,737,375,476,337,0.7098591549295775,0.7878151260504201
F05,boundary,976,1348,698,368,460,335,0.7240356083086054,0.8
F06,boundary,1243,1596,843,413,509,365,0.7788220551378446,0.8113948919449901
F07,boundary,2334,2264,1139,526,591,418,1.0309187279151943,0.8900169204737732
F08,boundary,1388,1696,791,401,505,356,0.8183962264150944,0.7940594059405941
F09,boundary,889,1236,646,338,423,321,0.7192556634304207,0.7990543735224587
F10,boundary,934,1308,671,362,452,324,0.7140672782874617,0.8008849557522124
F11,boundary,947,1316,674,358,453,324,0.7196048632218845,0.7902869757174393
F12,boundary,851,1198,647,357,446,333,0.7103505843071787,0.8004484304932735
F13,boundary,804,1113,608,335,422,310,0.7223719676549866,0.7938388625592417
F14,boundary,795,1162,639,339,429,321,0.6841652323580034,0.7902097902097902
F15,boundary,515,828,504,263,340,267,0.6219806763285024,0.7735294117647059
F16,boundary,900,1088,545,343,413,297,0.8272058823529411,0.8305084745762712
F17,boundary,1058,1411,634,317,384,287,0.7498228206945429,0.8255208333333334
F18,boundary,698,1051,544,303,371,283,0.6641294005708849,0.816711590296496
F19,boundary,1166,1513,777,387,481,345,0.7706543291473893,0.8045738045738046
F20,boundary,985,1436,714,375,477,339,0.685933147632312,0.7861635220125787
F21,boundary,968,1336,697,367,462,332,0.7245508982035929,0.7943722943722944
F22,boundary,840,1187,636,351,446,324,0.7076663858466723,0.7869955156950673
F23,boundary,1349,1525,748,400,483,347,0.8845901639344262,0.8281573498964804
F24,boundary,3321733,121568,9141,65521,4448,1348,27.324073769413005,14.730440647482014
G001,generated,7252,6073,2930,906,963,615,1.1941379878149185,0.940809968847352
G002,generated,6971,4026,1421,826,802,477,1.7314952806756085,1.0299251870324189
G003,generated,2646,2312,1136,569,636,436,1.1444636678200693,0.8946540880503144
G004,generated,10006,7248,3876,1148,1210,786,1.3805187637969094,0.9487603305785124
G005,generated,11958,6044,2328,1181,1042,598,1.9784910655195236,1.1333973128598849
G006,generated,28869,9470,3180,1829,1405,744,3.048468848996832,1.301779359430605
G007,generated,1907,1994,930,467,558,390,0.9563691073219659,0.8369175627240143
G008,generated,3998,4000,2111,781,902,599,0.9995,0.8658536585365854
G009,generated,6107,3661,1836,828,827,542,1.6681234635345534,1.0012091898428053
G010,generated,14458,6224,2641,1254,1097,678,2.322943444730077,1.1431175934366453
G011,generated,11956,6222,2983,1124,979,624,1.9215686274509804,1.1481103166496425
G012,generated,15487,5754,1968,1127,928,560,2.6915189433437607,1.2144396551724137
G013,generated,3357,3098,1445,631,728,493,1.0836023240800516,0.8667582417582418
G014,generated,7818,5288,2905,972,1005,665,1.4784417549167927,0.9671641791044776
G015,generated,9763,3205,1600,981,768,515,3.0461778471138845,1.27734375
G016,generated,26392,6998,3097,1648,1144,724,3.7713632466418976,1.4405594405594406
G017,generated,35858,4446,1405,1982,816,468,8.065227170490328,2.428921568627451
G018,generated,107848,11702,4807,4539,1558,909,9.216202358571184,2.913350449293967
G019,generated,1332,1845,901,438,550,381,0.7219512195121951,0.7963636363636364
G020,generated,2399,2811,1495,603,733,497,0.8534329420135183,0.8226466575716235
G021,generated,7367,6142,2949,910,964,617,1.1994464343861935,0.9439834024896265
G022,generated,7840,4896,1955,909,917,552,1.6013071895424837,0.9912758996728462
G023,generated,11199,5055,1811,1071,891,514,2.2154302670623145,1.202020202020202
G024,generated,32973,11408,5002,2175,1572,925,2.8903401122019634,1.383587786259542
G025,generated,2006,2376,1252,513,626,458,0.8442760942760943,0.8194888178913738
G026,generated,4641,4077,2163,774,891,586,1.1383370125091978,0.8686868686868687
G027,generated,5234,3350,1739,781,763,516,1.5623880597014925,1.0235910878112713
G028,generated,13405,4863,2023,1117,928,589,2.7565288916306807,1.2036637931034482
G029,generated,18196,4400,1304,1308,805,461,4.135454545454546,1.6248447204968943
G030,generated,52306,9346,3447,2733,1357,763,5.596618874384763,2.0140014738393517
G031,generated,21458,6303,3018,1505,992,630,3.4044105981278756,1.5171370967741935
G032,generated,26267,6062,2205,1597,996,598,4.333058396568789,1.6034136546184738
G033,generated,9973,3759,1923,990,806,546,2.653099228518223,1.228287841191067
G034,generated,28875,9785,4705,1777,1319,875,2.950945324476239,1.3472327520849128
G035,generated,37311,5626,2189,2112,947,585,6.631887664415215,2.2302006335797255
G036,generated,114355,14364,5418,4865,1645,988,7.961222500696185,2.9574468085106385
G037,generated,1207,1642,834,404,511,358,0.7350791717417783,0.7906066536203522
G038,generated,2765,3254,1704,658,802,528,0.8497234173325138,0.8204488778054863
G039,generated,3177,3277,1481,672,778,496,0.9694842844064693,0.8637532133676092
G040,generated,7805,4879,2187,951,962,607,1.5997130559540889,0.9885654885654885
G041,generated,7367,6142,2949,910,964,617,1.1994464343861935,0.9439834024896265
G042,generated,7771,4800,1776,865,863,521,1.6189583333333333,1.0023174971031286
G043,generated,2111,2509,1308,536,652,468,0.8413710641689917,0.8220858895705522
G044,generated,3268,2833,1528,640,721,497,1.1535474761736675,0.8876560332871013
G045,generated,5264,3178,1381,761,771,487,1.6563876651982379,0.9870298313878081
G046,generated,13704,6500,3318,1275,1074,721,2.1083076923076924,1.187150837988827
G047,generated,20968,6403,2406,1541,1032,611,3.2747149773543653,1.4932170542635659
G048,generated,46538,8238,2516,2386,1150,618,5.649186695799951,2.074782608695652
G049,generated,3579,3591,1926,649,761,549,0.9966583124477861,0.8528252299605782
G050,generated,7447,4324,2189,898,912,599,1.7222479185938946,0.9846491228070176
G051,generated,21458,6303,3018,1505,992,630,3.4044105981278756,1.5171370967741935
G052,generated,22410,4595,1599,1375,840,512,4.877040261153428,1.6369047619047619
G053,generated,39519,5401,2014,2165,954,576,7.316978337344936,2.269392033542977
G054,generated,92355,9155,2542,3778,1174,659,10.08793009284544,3.2180579216354346
G055,generated,1290,1922,947,450,574,410,0.6711758584807492,0.7839721254355401
G056,generated,2299,2690,1531,607,726,507,0.8546468401486988,0.8360881542699724
G057,generated,3240,3107,1511,673,769,504,1.0428065658191181,0.8751625487646294
G058,generated,8259,5481,2373,983,1035,633,1.5068418171866447,0.9497584541062802
G059,generated,11450,5330,1918,1135,980,568,2.148217636022514,1.1581632653061225
G060,generated,26297,9126,3550,1841,1294,756,2.881547227701074,1.4227202472952087
G061,generated,11956,6222,2983,1125,980,624,1.9215686274509804,1.1479591836734695
G062,generated,13214,5074,2065,1143,929,571,2.604256996452503,1.2303552206673842
G063,generated,5362,3527,1789,804,799,530,1.5202721859937625,1.0062578222778473
G064,generated,11915,4340,1802,1048,860,558,2.7453917050691246,1.2186046511627906
G065,generated,22858,7008,2697,1624,1136,655,3.261700913242009,1.4295774647887325
G066,generated,60610,9923,3280,2924,1444,779,6.108031845208102,2.0249307479224377
G067,generated,3083,2229,1027,538,587,408,1.383131449080305,0.9165247018739353
G068,generated,5577,3001,1650,768,743,512,1.85838053982006,1.0336473755047106
G069,generated,10041,3026,1582,955,743,519,3.318241903502974,1.285329744279946
G070,generated,24982,6515,3007,1692,1054,699,3.834535686876439,1.605313092979127
G071,generated,21458,6303,3018,1505,992,630,3.4044105981278756,1.5171370967741935
G072,generated,24446,5463,1850,1459,896,540,4.4748306791140395,1.6283482142857142
G073,generated,1309,1799,896,433,541,378,0.7276264591439688,0.800369685767098
G074,generated,2551,3001,1586,637,776,516,0.850049983338887,0.8208762886597938
G075,generated,3402,3506,1626,710,816,519,0.9703365658870508,0.8700980392156863
G076,generated,7576,4833,2142,930,918,590,1.5675563831988413,1.0130718954248366
G077,generated,9982,4352,1309,961,796,458,2.293658088235294,1.2072864321608041
G078,generated,28148,9322,3547,1890,1344,757,3.019523707358936,1.40625
G079,generated,2365,3169,1470,598,757,506,0.7462922057431366,0.7899603698811096
G080,generated,4221,3635,1953,750,850,556,1.1612104539202202,0.8823529411764706
G081,generated,11956,6222,2983,1125,980,625,1.9215686274509804,1.1479591836734695
G082,generated,15286,6243,2605,1185,1026,629,2.4485023226013136,1.154970760233918
G083,generated,19627,5083,1929,1479,932,561,3.8613023804839663,1.5869098712446352
G084,generated,47587,8737,2499,2361,1152,650,5.446606386631567,2.0494791666666665
G085,generated,3970,3696,2002,680,784,569,1.074134199134199,0.8673469387755102
G086,generated,6335,4195,2361,870,889,630,1.5101311084624554,0.9786276715410573
G087,generated,9298,3377,1766,972,765,517,2.753331359194551,1.2705882352941176
G088,generated,27635,6631,3240,1730,1127,731,4.167546373096064,1.5350488021295474
G089,generated,34144,4520,1290,1881,798,461,7.553982300884956,2.357142857142857
G090,generated,99787,10099,3663,4376,1449,793,9.880879294979701,3.0200138026224983
G091,generated,7367,6142,2949,910,965,618,1.1994464343861935,0.9430051813471503
G092,generated,6935,3949,1369,803,775,473,1.7561407951380097,1.0361290322580645
G093,generated,3343,2996,1552,654,725,495,1.1158210947930574,0.9020689655172414
G094,generated,6818,4198,1741,856,826,517,1.6241067174845165,1.036319612590799
G095,generated,11843,5083,1796,1077,907,541,2.329923273657289,1.187431091510474
G096,generated,27955,8599,3051,1913,1292,724,3.2509594138853357,1.4806501547987616
G097,generated,2002,2276,1042,517,624,421,0.8796133567662566,0.8285256410256411
G098,generated,3648,3337,1878,707,799,561,1.0931974827689541,0.8848560700876095
G099,generated,5278,2977,1476,771,746,501,1.7729257641921397,1.0335120643431635
G100,generated,15619,6801,3240,1235,1102,712,2.2965740332304074,1.1206896551724137
G101,generated,12135,6291,3002,1128,981,624,1.9289461134954697,1.1498470948012232
G102,generated,16565,7777,3665,1334,1183,733,2.12999871415713,1.1276415891800506
G103,generated,2644,1862,913,519,553,386,1.4199785177228785,0.9385171790235082
G104,generated,6345,3305,1794,801,792,535,1.91981845688351,1.0113636363636365
G105,generated,11104,4516,2479,1067,905,635,2.4588131089459697,1.1790055248618785
G106,generated,26981,9110,5153,1839,1315,911,2.961690450054885,1.3984790874524715
G107,generated,31615,3902,1099,1776,735,421,8.102255253716043,2.416326530612245
G108,generated,107685,10611,3368,4242,1364,762,10.148430873621713,3.1099706744868034
G109,generated,1420,1995,961,459,571,398,0.7117794486215538,0.8038528896672504
G110,generated,2397,3067,1546,622,768,509,0.7815454841865015,0.8098958333333334
G111,generated,7482,6211,2968,912,967,617,1.2046369344710997,0.9431230610134437
G112,generated,8269,5564,2163,960,1008,580,1.4861610352264558,0.9523809523809523
G113,generated,13246,6297,2623,1176,1049,632,2.103541368905828,1.121067683508103
G114,generated,31324,9995,3943,2075,1468,833,3.133966983491746,1.4134877384196185
G115,generated,2235,2591,1327,536,655,476,0.8626013122346584,0.8183206106870229
G116,generated,3597,3255,1830,704,784,557,1.1050691244239632,0.8979591836734694
G117,generated,5088,2819,1407,762,720,485,1.8048953529620433,1.0583333333333333
G118,generated,15220,5581,2479,1201,1031,647,2.727109836946784,1.1648884578079535
G119,generated,22833,7591,3258,1630,1192,720,3.007904096956923,1.3674496644295302
G120,generated,49818,10549,4432,2744,1449,853,4.7225329415110435,1.893719806763285
G121,generated,21765,6372,3037,1509,993,630,3.4157250470809792,1.5196374622356494
G122,generated,25577,6569,2891,1637,1078,665,3.893591109757954,1.518552875695733
G123,generated,8539,2851,1391,902,708,484,2.995089442300947,1.2740112994350283
G124,generated,30505,7007,3313,1798,1170,741,4.353503639217925,1.5367521367521368
G125,generated,39124,4795,1578,2069,887,505,8.159332638164756,2.3325817361894026
G126,generated,108530,9839,3603,4458,1405,784,11.030592539892265,3.1729537366548044
G127,generated,1250,1706,845,415,522,366,0.7327080890973037,0.7950191570881227
G128,generated,2578,3402,1714,665,840,546,0.7577895355673133,0.7916666666666666
G129,generated,3318,2975,1525,673,750,520,1.1152941176470588,0.8973333333333333
G130,generated,8069,4921,2169,939,934,595,1.6397073765494818,1.0053533190578159
G131,generated,7482,6211,2968,912,967,617,1.2046369344710997,0.9431230610134437
G132,generated,7753,4422,1495,826,808,493,1.7532790592492085,1.0222772277227723
G133,generated,2139,2527,1315,535,653,473,0.8464582508903838,0.8192955589586524
G134,generated,3091,2726,1534,649,716,519,1.1338958180484227,0.9064245810055865
G135,generated,5491,3478,1577,807,812,517,1.5787809085681426,0.9938423645320197
G136,generated,14985,4987,2390,1198,993,631,3.0048125125325846,1.2064451158106748
G137,generated,19432,5043,1760,1430,899,519,3.853261947253619,1.5906562847608454
G138,generated,51782,9268,3333,2572,1353,744,5.587181700474752,1.900960827790096
G139,generated,3882,3660,1991,673,776,562,1.060655737704918,0.8672680412371134
G140,generated,5913,3239,1725,791,807,556,1.8255634455078729,0.9801734820322181
G141,generated,21765,6372,3037,1509,993,631,3.4157250470809792,1.5196374622356494
G142,generated,22974,4511,1691,1423,870,521,5.092884061183773,1.6356321839080459
G143,generated,43037,7799,3383,2231,1127,714,5.518271573278626,1.9795918367346939
G144,generated,88419,8485,2424,3597,1136,642,10.420624631703005,3.1663732394366195
G145,generated,1147,1614,842,414,526,385,0.7106567534076828,0.7870722433460076
G146,generated,2859,3705,1839,704,881,562,0.7716599190283401,0.7990919409761634
G147,generated,3066,3185,1461,648,749,488,0.9626373626373627,0.8651535380507344
G148,generated,8533,5367,2467,1009,994,633,1.5899012483696664,1.0150905432595574
G149,generated,10631,4309,1309,1014,816,465,2.467161754467394,1.2426470588235294
G150,generated,26942,9375,3612,1977,1362,784,2.8738133333333336,1.4515418502202644
G151,generated,12135,6291,3002,1128,981,624,1.9289461134954697,1.1498470948012232
G152,generated,13201,5129,1918,1115,912,558,2.5737960616104503,1.2225877192982457
G153,generated,4396,2526,1227,676,644,444,1.7403008709422012,1.049689440993789
G154,generated,12025,5132,2450,1130,934,624,2.343141075604053,1.2098501070663812
G155,generated,20205,5188,1721,1422,899,538,3.8945643793369316,1.581757508342603
G156,generated,48197,9116,3166,2510,1253,726,5.287077665642826,2.003192338387869
G157,generated,3574,3866,1921,631,778,537,0.9244697361614072,0.8110539845758354
G158,generated,6027,3672,2102,835,838,590,1.6413398692810457,0.9964200477326969
G159,generated,8937,3125,1637,961,758,535,2.85984,1.2678100263852243
G160,generated,30068,6740,3011,1624,1104,718,4.4611275964391695,1.4710144927536233
G161,generated,21765,6372,3037,1509,993,631,3.4157250470809792,1.5196374622356494
G162,generated,25715,6334,2437,1584,1004,605,4.059835806757183,1.5776892430278884
G163,generated,1439,2134,1000,463,597,401,0.6743205248359887,0.7755443886097152
G164,generated,2466,3064,1579,624,770,507,0.8048302872062664,0.8103896103896104
G165,generated,3473,3049,1505,675,749,496,1.1390619875368972,0.9012016021361816
G166,generated,7877,5517,2503,1000,1026,630,1.427768714881276,0.9746588693957114
G167,generated,10562,4512,1426,1027,826,477,2.340868794326241,1.2433414043583535
G168,generated,30724,9005,3125,1817,1309,727,3.41188228761799,1.3880825057295645
G169,generated,2070,2448,1266,516,632,462,0.8455882352941176,0.8164556962025317
G170,generated,3045,2546,1433,623,693,500,1.1959937156323646,0.898989898989899
G171,generated,12135,6291,3002,1128,982,625,1.9289461134954697,1.1486761710794298
G172,generated,13145,4882,1922,1097,910,551,2.692544039328144,1.2054945054945054
G173,generated,19911,5150,1721,1425,904,539,3.86621359223301,1.5763274336283186
G174,generated,50648,9801,3484,2716,1351,766,5.1676359555147435,2.010362694300518
G175,generated,3185,2621,1285,575,643,469,1.2151850438763832,0.8942457231726283
G176,generated,5591,2817,1483,762,743,503,1.9847355342563011,1.0255720053835802
G177,generated,8376,2784,1419,901,701,481,3.0086206896551726,1.2853067047075606
G178,generated,22778,4762,2062,1493,913,586,4.783284334313314,1.6352683461117197
G179,generated,34959,4827,1608,1975,859,516,7.242386575512741,2.29918509895227
G180,generated,106896,9238,3199,4385,1348,744,11.571335786966875,3.2529673590504453
G181,generated,7482,6211,2968,913,967,617,1.2046369344710997,0.9441571871768356
G182,generated,9401,6448,3004,1048,1096,668,1.4579714640198511,0.9562043795620438
G183,generated,2799,2416,1194,586,654,451,1.158526490066225,0.8960244648318043
G184,generated,8602,6531,3010,1050,1119,689,1.317103047006584,0.938337801608579
G185,generated,11672,5070,1781,1112,936,548,2.3021696252465484,1.188034188034188
G186,generated,29311,8879,3308,1887,1332,750,3.3011600405451063,1.4166666666666667
G187,generated,2450,3254,1470,584,751,481,0.7529194837123541,0.7776298268974701
G188,generated,3354,3057,1726,663,737,534,1.0971540726202158,0.8995929443690638
G189,generated,4865,2768,1368,745,712,479,1.7575867052023122,1.0463483146067416
G190,generated,14101,5058,2043,1090,928,590,2.787860814551206,1.1745689655172413
G191,generated,12135,6291,3002,1128,982,624,1.9289461134954697,1.1486761710794298
G192,generated,13419,4931,1822,1060,878,529,2.7213546947880753,1.2072892938496582
G193,generated,3359,3286,1807,591,696,519,1.0222154595252586,0.8491379310344828
G194,generated,5512,3044,1673,761,754,545,1.8107752956636005,1.009283819628647
G195,generated,8792,3369,1764,965,771,542,2.6096764618581183,1.251621271076524
G196,generated,27789,7329,3603,1759,1173,775,3.791649611133852,1.4995737425404945
G197,generated,33495,4145,1192,1870,785,446,8.080820265379975,2.3821656050955413
G198,generated,99969,10064,3087,4103,1306,733,9.933326709062003,3.141653905053599
G199,generated,1452,2146,1003,465,598,402,0.6766076421248836,0.7775919732441472
G200,generated,2547,3331,1637,641,809,515,0.7646352446712699,0.792336217552534
G201,generated,7482,6211,2968,913,967,617,1.2046369344710997,0.9441571871768356
G202,generated,7677,4861,1933,890,899,545,1.5793046698210245,0.9899888765294772
G203,generated,11050,4922,1782,1075,900,542,2.2450223486387646,1.1944444444444444
G204,generated,31210,9859,3546,1993,1446,780,3.1656354599857996,1.3782849239280774
G205,generated,1531,1432,685,407,475,326,1.0691340782122905,0.8568421052631578
G206,generated,3548,3237,1759,711,800,552,1.0960766141489033,0.88875
G207,generated,5280,3441,1634,796,790,512,1.5344376634699215,1.0075949367088608
G208,generated,14411,7044,3272,1311,1167,727,2.045854628052243,1.1233933161953729
G209,generated,20168,5163,1541,1426,931,500,3.906256052682549,1.531686358754028
G210,generated,48841,8907,3318,2609,1292,731,5.4834399910183,2.0193498452012384
G211,generated,21765,6372,3037,1509,993,630,3.4157250470809792,1.5196374622356494
G212,generated,25287,5499,2147,1573,980,588,4.598472449536279,1.6051020408163266
G213,generated,9838,3769,1960,986,817,554,2.610241443353675,1.2068543451652387
G214,generated,30149,7478,3376,1813,1244,756,4.031692966033699,1.457395498392283
G215,generated,43403,5013,1655,2109,910,512,8.658088968681428,2.317582417582418
G216,generated,115386,14038,5166,4821,1593,966,8.219546944009117,3.0263653483992465
G217,generated,1470,2158,1007,475,604,406,0.6811862835959221,0.7864238410596026
G218,generated,2663,3455,1757,665,839,547,0.770767004341534,0.7926102502979738
G219,generated,3412,3006,1542,662,728,492,1.1350632069194944,0.9093406593406593
G220,generated,7482,4937,2256,931,929,606,1.5154952400243062,1.0021528525296017
G221,generated,7482,6211,2968,913,967,617,1.2046369344710997,0.9441571871768356
G222,generated,7916,4833,1784,881,870,524,1.637906062487068,1.0126436781609196
G223,generated,1926,2029,992,496,583,405,0.9492360768851651,0.8507718696397941
G224,generated,3246,3006,1611,671,762,530,1.0798403193612773,0.8805774278215223
G225,generated,5793,4016,2052,864,870,579,1.442480079681275,0.993103448275862
G226,generated,13615,6058,2767,1189,1036,670,2.247441399801915,1.1476833976833978
G227,generated,18807,5009,1751,1413,896,517,3.7546416450389297,1.5770089285714286
G228,generated,56041,10300,3657,2816,1426,794,5.440873786407767,1.9747545582047685
G229,generated,3338,3224,1815,609,710,528,1.0353598014888337,0.8577464788732394
G230,generated,7417,4643,2511,927,957,651,1.597458539737239,0.9686520376175548
G231,generated,21765,6372,3037,1509,993,631,3.4157250470809792,1.5196374622356494
G232,generated,24812,4726,1668,1428,904,534,5.250105797714769,1.579646017699115
G233,generated,35059,4562,1298,1902,794,461,7.68500657606313,2.395465994962217
G234,generated,98998,9014,2816,3861,1256,695,10.982693587752385,3.074044585987261
G235,generated,1412,2012,1018,476,594,424,0.7017892644135189,0.8013468013468014
G236,generated,2430,2841,1542,608,752,511,0.8553326293558606,0.8085106382978723
G237,generated,3371,2997,1488,656,731,493,1.1247914581247915,0.8974008207934336
G238,generated,8502,5254,2364,977,977,626,1.6181956604491816,1.0
G239,generated,12403,5268,2054,1143,947,580,2.354403948367502,1.2069693769799366
G240,generated,26244,8695,2957,1777,1242,703,3.0182863714778607,1.430756843800322
G241,generated,12135,6291,3002,1129,982,625,1.9289461134954697,1.14969450101833
G242,generated,13473,4713,1769,1104,904,542,2.8586887332908977,1.2212389380530972
G243,generated,5126,3286,1729,765,749,515,1.5599513085818624,1.0213618157543392
G244,generated,15499,6636,2848,1225,1098,689,2.3355937311633514,1.115664845173042
G245,generated,21535,5658,2215,1463,977,591,3.806115235065394,1.4974411463664279
G246,generated,52660,9477,3596,2943,1426,803,5.556610741795927,2.0638148667601683
G247,generated,3357,3303,1810,608,706,520,1.0163487738419619,0.8611898016997167
G248,generated,6458,3367,1902,833,812,573,1.918027918027918,1.0258620689655173
G249,generated,8096,2621,1268,863,667,458,3.0888973674170166,1.2938530734632683
G250,generated,26108,6384,2808,1728,1113,690,4.089598997493734,1.5525606469002695
G251,generated,21765,6372,3037,1509,993,631,3.4157250470809792,1.5196374622356494
G252,generated,27156,6540,2602,1644,1089,634,4.152293577981651,1.5096418732782368
G253,generated,1463,2156,1006,470,597,403,0.6785714285714286,0.7872696817420436
G254,generated,2039,2398,1327,560,675,471,0.8502919099249374,0.8296296296296296
G255,generated,3068,2778,1412,646,722,505,1.1043916486681065,0.8947368421052632
G256,generated,8499,5896,2692,1041,1086,678,1.4414857530529173,0.9585635359116023
G257,generated,11249,4968,1649,1077,897,507,2.264291465378422,1.2006688963210703
G258,generated,26486,8139,2739,1793,1243,688,3.254208133677356,1.4424778761061947
G259,generated,2122,2861,1349,544,687,469,0.741698706745893,0.7918486171761281
G260,generated,3459,3293,1860,704,798,558,1.05040996052232,0.8822055137844611
G261,generated,12135,6291,3002,1129,982,624,1.9289461134954697,1.14969450101833
G262,generated,14678,6120,2563,1177,1014,623,2.3983660130718953,1.160749506903353
G263,generated,19098,5031,1662,1396,879,526,3.7960644007155637,1.5881683731513083
G264,generated,48687,8849,2419,2381,1158,652,5.501977624590349,2.0561312607944733
G265,generated,3273,3219,1811,609,709,531,1.0167753960857409,0.8589562764456982
G266,generated,6146,3600,2003,824,820,565,1.7072222222222222,1.0048780487804878
G267,generated,9201,3308,1685,956,753,512,2.7814389359129383,1.2695883134130146
G268,generated,25853,6769,2963,1708,1058,690,3.8193233860245237,1.614366729678639
G269,generated,43181,5997,2331,2195,999,614,7.200433550108388,2.1971971971971973
G270,generated,111311,11214,4146,4559,1442,838,9.926074549670055,3.161581137309293
G271,generated,7482,6211,2968,913,967,618,1.2046369344710997,0.9441571871768356
G272,generated,7594,4444,1621,875,857,512,1.708820882088209,1.0210035005834306
G273,generated,2894,2819,1345,629,709,478,1.0266051791415396,0.8871650211565585
G274,generated,7156,4455,1920,867,864,556,1.6062850729517397,1.0034722222222223
G275,generated,12631,6042,2621,1201,1037,632,2.0905329361138696,1.1581485053037608
G276,generated,30551,9363,3262,1950,1345,716,3.2629499092171312,1.449814126394052
G277,generated,2460,2890,1428,569,695,470,0.8512110726643599,0.818705035971223
G278,generated,3425,3213,1758,677,762,523,1.0659819483348896,0.8884514435695539
G279,generated,4717,2992,1590,740,728,525,1.57653743315508,1.0164835164835164
G280,generated,13617,5324,2382,1153,955,615,2.5576634109691962,1.2073298429319372
G281,generated,12135,6291,3002,1129,982,624,1.9289461134954697,1.14969450101833
G282,generated,15619,6175,2556,1211,1030,620,2.5293927125506075,1.1757281553398058
G283,generated,3744,3990,1982,660,794,551,0.9383458646616541,0.8312342569269522
G284,generated,5808,3502,1843,767,790,544,1.6584808680753855,0.970886075949367
G285,generated,9075,3316,1686,975,765,540,2.7367310012062727,1.2745098039215685
G286,generated,23720,6332,2575,1517,962,637,3.746051800379027,1.5769230769230769
G287,generated,35580,4775,1612,2025,859,501,7.451308900523561,2.3573923166472643
G288,generated,104088,10342,3598,4249,1424,792,10.064590988203442,2.9838483146067416
G289,generated,1436,2007,965,461,572,399,0.715495764823119,0.8059440559440559
G290,generated,2357,2853,1492,606,735,496,0.8261479144759902,0.8244897959183674
G291,generated,7482,6211,2968,913,967,618,1.2046369344710997,0.9441571871768356
G292,generated,6927,3940,1371,789,770,472,1.7581218274111674,1.0246753246753246
G293,generated,12772,5945,2458,1177,1025,615,2.148359966358284,1.1482926829268292
G294,generated,29195,10811,4470,2032,1544,891,2.700490241420775,1.3160621761658031
G295,generated,1653,1745,874,451,543,399,0.9472779369627508,0.8305709023941068
G296,generated,3518,3094,1732,694,779,549,1.1370394311570782,0.8908857509627728
G297,generated,5166,3103,1450,758,745,490,1.6648404769577827,1.01744966442953
G298,generated,14861,8041,3922,1336,1226,788,1.8481532147742818,1.0897226753670473
G299,generated,18689,4798,1749,1397,882,533,3.8951646519383076,1.5839002267573696
G300,generated,55069,10641,4142,2771,1417,838,5.175171506437365,1.9555398729710656
G301,generated,21765,6372,3037,1509,993,631,3.4157250470809792,1.5196374622356494
G302,generated,23994,4923,1791,1482,900,547,4.873857404021938,1.6466666666666667
G303,generated,11256,4882,2848,1104,936,667,2.305612453912331,1.1794871794871795
G304,generated,24680,4601,2053,1437,909,592,5.364051293197131,1.5808580858085808
G305,generated,40531,5535,1920,2164,992,567,7.322673893405601,2.181451612903226
G306,generated,100211,9121,3256,3953,1298,740,10.986843547856594,3.0454545454545454
G307,generated,1409,1985,958,457,570,396,0.7098236775818639,0.8017543859649123
G308,generated,2392,2848,1558,612,747,516,0.8398876404494382,0.8192771084337349
G309,generated,2414,2136,1048,547,606,422,1.1301498127340823,0.9026402640264026
G310,generated,8720,5830,2900,1040,1063,681,1.495711835334477,0.9783631232361242
G311,generated,7482,6211,2968,912,967,617,1.2046369344710997,0.9431230610134437
G312,generated,8351,5177,1889,904,920,550,1.6130963878694224,0.9826086956521739
G313,generated,1896,2105,927,466,567,390,0.9007125890736342,0.8218694885361552
G314,generated,3346,3062,1748,670,763,538,1.092749836708034,0.8781127129750983
G315,generated,4454,2557,1323,709,682,485,1.7418850215095816,1.0395894428152492
G316,generated,15032,6948,3375,1309,1134,739,2.1635002878526195,1.154320987654321
G317,generated,19614,5084,1930,1465,926,558,3.8579858379228953,1.58207343412527
G318,generated,47291,9078,3319,2562,1276,733,5.209407358448997,2.0078369905956115
G319,generated,3172,2433,1076,556,622,421,1.3037402383888204,0.8938906752411575
G320,generated,7158,3682,1951,857,855,573,1.9440521455730582,1.0023391812865496
G321,generated,21765,6372,3037,1509,993,631,3.4157250470809792,1.5196374622356494
G322,generated,24808,5527,2124,1503,966,577,4.488510946263796,1.5559006211180124
G323,generated,37500,4439,1471,2030,853,510,8.447848614552827,2.3798358733880423
G324,generated,96983,9728,3536,4196,1340,771,9.969469572368421,3.1313432835820896
G325,generated,1303,1855,954,459,573,413,0.7024258760107817,0.8010471204188482
G326,generated,2057,2418,1325,557,684,471,0.8507030603804797,0.814327485380117
G327,generated,3266,2998,1553,670,744,503,1.0893929286190793,0.9005376344086021
G328,generated,8551,6033,3108,1026,1058,697,1.4173711254765458,0.9697542533081286
G329,generated,11549,4868,1821,1096,910,548,2.372432210353328,1.2043956043956043
G330,generated,26038,8229,2555,1728,1206,668,3.1641754769716854,1.4328358208955223
G331,generated,12135,6291,3002,1128,981,624,1.9289461134954697,1.1498470948012232
G332,generated,14418,5307,2159,1166,961,581,2.7167891464104015,1.2133194588969822
G333,generated,5094,3248,1687,767,755,514,1.5683497536945812,1.0158940397350993
G334,generated,13248,5826,2618,1169,970,648,2.27394438722966,1.2051546391752577
G335,generated,23317,6531,2612,1566,1048,627,3.570203644158628,1.4942748091603053
G336,generated,65491,12901,4893,3110,1597,929,5.076428183861716,1.9474013775829682
G337,generated,4058,3784,2002,672,776,553,1.0724101479915433,0.865979381443299
G338,generated,7244,4376,2254,901,950,622,1.6553930530164533,0.9484210526315789
G339,generated,10415,3436,1806,1002,790,551,3.031140861466822,1.268354430379747
G340,generated,25512,6082,2951,1607,1071,695,4.194672804998356,1.5004668534080299
G341,generated,21765,6372,3037,1509,993,631,3.4157250470809792,1.5196374622356494
G342,generated,23609,4555,1559,1389,843,504,5.183095499451152,1.6476868327402134
G343,generated,1386,1938,953,452,570,393,0.7151702786377709,0.7929824561403509
G344,generated,2159,2524,1408,576,695,479,0.8553882725832013,0.8287769784172662
G345,generated,3476,3126,1588,687,753,507,1.1119641714651312,0.9123505976095617
G346,generated,7685,5701,2896,979,1013,669,1.3480091212068057,0.9664363277393879
G347,generated,11398,5239,1780,1103,921,519,2.175606031685436,1.1976112920738329
G348,generated,27016,8866,2958,1856,1295,709,3.0471464019851116,1.433204633204633
G349,generated,2137,2873,1354,548,693,474,0.7438217890706579,0.7907647907647908
G350,generated,3541,3118,1738,693,774,550,1.1356638871071199,0.8953488372093024
G351,generated,12135,6291,3002,1128,982,625,1.9289461134954697,1.1486761710794298
G352,generated,12719,4584,1648,1053,872,525,2.774650959860384,1.2075688073394495
G353,generated,22296,5964,2071,1537,1040,570,3.738430583501006,1.4778846153846155
G354,generated,57993,10771,4086,2810,1438,836,5.384179741899545,1.9541029207232268
G355,generated,3242,2522,1302,574,634,466,1.2854877081681206,0.9053627760252366
G356,generated,7503,4477,2472,903,929,614,1.6758990395354032,0.9720129171151776
G357,generated,11625,4727,2582,1123,928,645,2.459276496720965,1.2101293103448276
G358,generated,26994,7920,3712,1798,1229,783,3.408333333333333,1.4629780309194467
G359,generated,40028,6329,2300,2126,1017,615,6.32453784168115,2.090462143559489
G360,generated,103994,12677,5002,4434,1600,930,8.203360416502328,2.77125
G361,generated,7482,6211,2968,913,968,618,1.2046369344710997,0.9431818181818182
G362,generated,8889,5454,2249,985,1008,599,1.62981298129813,0.9771825396825397
G363,generated,2754,2579,1315,600,674,464,1.0678557580457542,0.8902077151335311
G364,generated,9084,6621,3347,1047,1114,722,1.371998187584957,0.9398563734290843
G365,generated,10362,4510,1526,1018,844,507,2.297560975609756,1.2061611374407584
G366,generated,30173,11579,4705,2135,1608,886,2.6058381552811123,1.3277363184079602
G367,generated,2064,2446,1248,513,625,440,0.8438266557645135,0.8208
G368,generated,4286,3892,2017,733,863,565,1.1012332990750258,0.8493626882966396
G369,generated,5976,3498,1823,831,813,556,1.7084048027444254,1.022140221402214
G370,generated,13103,5554,2633,1142,995,651,2.3592005761613253,1.1477386934673366
G371,generated,12135,6291,3002,1128,982,626,1.9289461134954697,1.1486761710794298
G372,generated,15383,6621,2628,1263,1100,639,2.323365050596587,1.1481818181818182
G373,generated,2698,1838,917,509,543,381,1.467899891186072,0.9373848987108656
G374,generated,6025,3917,2238,816,828,577,1.5381669645136584,0.9855072463768116
G375,generated,8345,2732,1420,908,704,497,3.0545387994143485,1.2897727272727273
G376,generated,26979,7551,3103,1689,1155,726,3.5729042510925706,1.4623376623376623
G377,generated,36195,5185,1655,2004,880,506,6.980713596914176,2.2772727272727273
G378,generated,109969,10471,3200,4302,1351,744,10.502244293763729,3.1843079200592155
G379,generated,1388,1936,953,447,562,390,0.7169421487603306,0.7953736654804271
G380,generated,2861,3724,1778,693,875,543,0.7682599355531686,0.792
G381,generated,7482,6211,2968,913,967,618,1.2046369344710997,0.9441571871768356
G382,generated,7984,5077,2076,928,940,569,1.5725822336025213,0.9872340425531915
G383,generated,10893,4603,1481,1047,877,512,2.36650010862481,1.1938426453819841
G384,generated,28406,9308,3501,1921,1352,767,3.0517834121186076,1.4208579881656804
G385,generated,2270,3031,1415,573,726,490,0.7489277466182778,0.7892561983471075
G386,generated,4189,3490,1847,735,817,549,1.2002865329512895,0.8996328029375765
G387,generated,4927,2857,1445,750,722,494,1.7245362268113407,1.0387811634349031
G388,generated,13986,6562,3137,1246,1138,713,2.1313623895153917,1.0949033391915641
G389,generated,19596,5074,1901,1491,938,566,3.8620417816318486,1.5895522388059702
G390,generated,48113,9017,3398,2650,1304,742,5.335810136409005,2.0322085889570554
G391,generated,21765,6372,3037,1509,993,631,3.4157250470809792,1.5196374622356494
G392,generated,25577,6569,2891,1628,1075,664,3.893591109757954,1.5144186046511627
G393,generated,9007,3296,1768,960,764,545,2.7327063106796117,1.256544502617801
G394,generated,26998,7142,3008,1611,1053,691,3.7801736208345003,1.5299145299145298
G395,generated,31957,3961,1103,1808,749,428,8.067912143398132,2.4138851802403205
G396,generated,112649,9579,3394,4217,1433,776,11.759995824198768,2.942777390090719
G397,generated,1386,1938,953,453,571,391,0.7151702786377709,0.7933450087565674
G398,generated,2404,2962,1604,628,769,526,0.8116137744767049,0.8166449934980494
G399,generated,3047,2910,1398,646,731,488,1.0470790378006873,0.8837209302325582
G400,generated,8459,5247,2379,971,984,629,1.6121593291404612,0.9867886178861789
G401,generated,7482,6211,2968,913,967,618,1.2046369344710997,0.9441571871768356
G402,generated,7959,4551,1550,857,839,507,1.7488464073829928,1.0214541120381406
G403,generated,2331,2730,1383,558,681,482,0.8538461538461538,0.8193832599118943
G404,generated,3429,3080,1767,694,776,547,1.1133116883116883,0.8943298969072165
G405,generated,5648,3026,1568,785,750,524,1.8664904163912757,1.0466666666666666
G406,generated,13071,5936,2957,1183,1014,675,2.2019878706199463,1.1666666666666667
G407,generated,19286,5260,1665,1398,874,505,3.666539923954373,1.59954233409611
G408,generated,59112,12398,5173,3201,1627,958,4.767865784804001,1.9674247080516287
G409,generated,2732,1981,912,505,550,383,1.3791014639071175,0.9181818181818182
G410,generated,6695,3778,1957,829,819,551,1.7721016410799364,1.0122100122100122
G411,generated,21765,6372,3037,1509,993,631,3.4157250470809792,1.5196374622356494
G412,generated,23585,5123,1925,1451,905,553,4.603747804021081,1.6033149171270717
G413,generated,40771,6568,2528,2268,1069,635,6.207521315468941,2.1216089803554725
G414,generated,106703,10865,4099,4279,1392,811,9.82080073630925,3.0739942528735633
G415,generated,1303,1855,954,459,573,414,0.7024258760107817,0.8010471204188482
G416,generated,2576,3449,1654,654,823,522,0.7468831545375472,0.7946537059538274
G417,generated,3540,3195,1620,690,769,510,1.107981220657277,0.8972691807542262
G418,generated,7477,4888,2164,928,944,601,1.5296644844517184,0.9830508474576272
G419,generated,10078,4302,1349,987,804,463,2.3426313342631335,1.2276119402985075
G420,generated,31221,9942,3748,1896,1399,791,3.1403138201569103,1.355253752680486
G421,generated,12135,6291,3002,1129,982,625,1.9289461134954697,1.14969450101833
G422,generated,12018,4303,1565,1044,835,502,2.792935161515222,1.2502994011976047
G423,generated,5819,3133,1541,792,763,509,1.8573252473667412,1.0380078636959371
G424,generated,13593,5350,2424,1158,989,630,2.540747663551402,1.1708796764408493
G425,generated,21409,6298,2450,1543,1046,631,3.399333121625913,1.4751434034416826
G426,generated,50134,8300,3079,2634,1270,720,6.040240963855422,2.074015748031496
G427,generated,3291,2677,1344,593,656,456,1.229361225252148,0.9039634146341463
G428,generated,6760,3507,1908,845,848,588,1.9275734245794125,0.9964622641509434
G429,generated,9857,3644,1830,1032,821,565,2.7049945115257956,1.2570036540803897
G430,generated,26654,7282,3151,1646,1141,715,3.660258170832189,1.4425942156003506
G431,generated,21765,6372,3037,1509,993,631,3.4157250470809792,1.5196374622356494
G432,generated,24669,5056,1879,1447,894,546,4.879153481012659,1.6185682326621924
G433,generated,1482,2086,1013,471,590,406,0.710450623202301,0.7983050847457627
G434,generated,2434,3249,1567,639,805,515,0.7491535857186826,0.7937888198757764
G435,generated,2740,2536,1347,622,677,488,1.0804416403785488,0.9187592319054653
G436,generated,9556,6884,3292,1114,1194,733,1.388146426496223,0.932998324958124
G437,generated,11387,5292,2019,1092,925,559,2.1517384731670446,1.1805405405405405
G438,generated,29736,9713,3870,1911,1370,788,3.061464017296407,1.3948905109489051
G439,generated,2034,2394,1259,508,624,460,0.849624060150376,0.8141025641025641
G440,generated,3683,3456,1928,715,807,572,1.0656828703703705,0.885997521685254
G441,generated,12135,6291,3002,1129,981,625,1.9289461134954697,1.1508664627930683
G442,generated,13701,5208,1954,1111,924,561,2.6307603686635943,1.2023809523809523
G443,generated,21151,5592,1862,1458,932,535,3.7823676680972818,1.5643776824034334
G444,generated,50234,9429,3482,2698,1354,767,5.327606320924806,1.9926144756277695
G445,generated,3246,3013,1397,614,712,483,1.0773315632260205,0.8623595505617978
G446,generated,6515,4005,2061,875,895,599,1.626716604244694,0.9776536312849162
G447,generated,7996,2426,1202,847,657,451,3.2959604286892,1.2891933028919331
G448,generated,28092,8053,3831,1772,1248,803,3.4883894200918912,1.419871794871795
G449,generated,44202,5680,2135,2219,996,598,7.782042253521126,2.2279116465863456
G450,generated,108313,14158,4704,4260,1493,889,7.650303715214013,2.853315472203617
G451,generated,7482,6211,2968,913,967,618,1.2046369344710997,0.9441571871768356
G452,generated,7593,4437,1619,866,859,515,1.711291413116971,1.0081490104772992
G453,generated,2772,2588,1357,622,690,494,1.071097372488408,0.9014492753623189
G454,generated,7811,5010,2216,939,944,603,1.5590818363273453,0.9947033898305084
G455,generated,11841,4557,1551,1068,872,519,2.598420013166557,1.224770642201835
G456,generated,29074,10941,4332,2084,1548,862,2.6573439356548763,1.3462532299741603
G457,generated,2226,2614,1314,529,648,450,0.8515684774292273,0.816358024691358
G458,generated,3635,3131,1746,699,788,551,1.1609709358032578,0.8870558375634517
G459,generated,5046,3230,1740,788,773,549,1.5622291021671826,1.019404915912031
G460,generated,13395,5845,2708,1162,1009,660,2.2917023096663813,1.151635282457879
G461,generated,12135,6291,3002,1128,982,625,1.9289461134954697,1.1486761710794298
G462,generated,13357,4618,1582,1051,851,513,2.8923776526634906,1.235017626321974
G463,generated,2613,1862,912,512,550,384,1.4033297529538131,0.9309090909090909
G464,generated,7031,4144,2219,894,912,622,1.6966698841698842,0.9802631578947368
G465,generated,11104,4516,2479,1071,907,636,2.4588131089459697,1.1808158765159869
G466,generated,26402,5887,2480,1548,992,647,4.484797010361814,1.560483870967742
G467,generated,36790,4677,1548,2071,868,496,7.866153517211888,2.3859447004608296
G468,generated,100473,8520,2735,4070,1242,689,11.792605633802816,3.2769726247987117
G469,generated,1237,1699,842,420,523,371,0.7280753384343731,0.8030592734225621
G470,generated,2623,2979,1599,630,763,513,0.8804968110104062,0.8256880733944955
G471,generated,7482,6211,2968,913,967,618,1.2046369344710997,0.9441571871768356
G472,generated,7433,4362,1627,850,836,503,1.7040348464007335,1.0167464114832536
G473,generated,13249,6300,2623,1180,1050,632,2.103015873015873,1.1238095238095238
G474,generated,26711,8467,2899,1788,1268,705,3.1547183181764495,1.4100946372239747
G475,generated,2139,2527,1315,534,652,473,0.8464582508903838,0.8190184049079755
G476,generated,4105,4016,2024,789,899,593,1.0221613545816732,0.8776418242491657
G477,generated,4581,2646,1336,705,682,464,1.7312925170068028,1.033724340175953
G478,generated,16600,8618,4459,1464,1342,866,1.9262009747041078,1.0909090909090908
G479,generated,21348,5887,1922,1491,1002,574,3.626295226770851,1.4880239520958083
G480,generated,54575,9503,3452,2598,1326,750,5.742923287382932,1.9592760180995474
G481,generated,21765,6372,3037,1509,993,631,3.4157250470809792,1.5196374622356494
G482,generated,28176,6745,2994,1693,1116,687,4.1773165307635285,1.5170250896057347
G483,generated,10024,3710,1722,1018,842,533,2.70188679245283,1.2090261282660333
G484,generated,27393,5821,2611,1583,1030,656,4.705892458340491,1.536893203883495
G485,generated,38678,5631,1869,2127,978,561,6.868762209199077,2.1748466257668713
G486,generated,97936,9775,3055,4168,1362,728,10.019028132992327,3.0602055800293684
G487,generated,1498,2098,1017,473,590,402,0.7140133460438512,0.8016949152542373
G488,generated,2104,2493,1351,571,697,481,0.8439630966706779,0.8192252510760402
G489,generated,2429,2143,1050,547,606,422,1.1334577694820345,0.9026402640264026
G490,generated,8626,5231,2272,976,966,589,1.649015484610973,1.010351966873706
G491,generated,7482,6211,2968,913,967,618,1.2046369344710997,0.9441571871768356
G492,generated,9356,6061,2504,968,1003,606,1.5436396634218776,0.9651046859421735
G493,generated,1896,1997,931,465,558,391,0.9494241362043064,0.8333333333333334
G494,generated,3632,3118,1628,687,773,513,1.1648492623476587,0.888745148771022
G495,generated,5563,3602,1669,826,831,529,1.5444197667962243,0.9939831528279182
G496,generated,12533,5201,2527,1160,974,637,2.4097288982887908,1.1909650924024642
G497,generated,21569,5366,1920,1466,940,537,4.01956764815505,1.5595744680851065
G498,generated,51870,9101,2979,2602,1284,715,5.69937369519833,2.026479750778816
G499,generated,3047,2348,1076,574,633,427,1.2977001703577513,0.9067930489731437
G500,generated,5319,2875,1552,744,731,506,1.850086956521739,1.0177838577291383
G501,generated,21765,6372,3037,1509,993,631,3.4157250470809792,1.5196374622356494
G502,generated,24707,5149,2099,1525,956,573,4.798407457758788,1.5951882845188285
G503,generated,35519,4617,1346,1923,818,472,7.693090751570284,2.3508557457212715
G504,generated,122013,14697,5053,4455,1624,934,8.301898346601348,2.7432266009852215
G505,generated,1460,2210,1064,494,632,435,0.6606334841628959,0.7816455696202531
G506,generated,2355,2733,1448,593,721,489,0.8616904500548848,0.8224687933425797
G507,generated,3081,2862,1501,650,721,494,1.0765199161425576,0.9015256588072122
G508,generated,10009,7193,3657,1117,1179,760,1.3914917280689558,0.9474130619168787
G509,generated,12317,5143,1823,1097,912,529,2.3949056970639706,1.2028508771929824
G510,generated,29282,11768,5445,2009,1551,948,2.4882732834806256,1.2952933591231464
G511,generated,12135,6291,3002,1128,981,624,1.9289461134954697,1.1498470948012232
G512,generated,13416,5281,2059,1130,939,570,2.5404279492520354,1.2034078807241746
G513,generated,5449,3403,1748,808,784,524,1.6012342051131354,1.030612244897959
G514,generated,14240,6503,3136,1204,1053,697,2.189758572966323,1.1433998100664768
G515,generated,19320,4492,1512,1418,874,519,4.300979519145147,1.6224256292906178
G516,generated,55225,10165,3780,2869,1411,795,5.43285784554845,2.033309709425939
G517,generated,3291,2677,1344,597,656,460,1.229361225252148,0.9100609756097561
G518,generated,5435,3547,2111,770,780,574,1.5322808006766282,0.9871794871794872
G519,generated,8168,2388,1165,852,647,443,3.420435510887772,1.3168469860896446
G520,generated,24832,5994,2901,1551,1033,679,4.142809476142809,1.5014520813165537
G521,generated,21765,6372,3037,1509,993,631,3.4157250470809792,1.5196374622356494
G522,generated,25817,5174,1919,1466,909,551,4.989756474681098,1.6127612761276127
G523,generated,1498,2098,1017,475,591,405,0.7140133460438512,0.8037225042301185
G524,generated,2594,2969,1636,630,767,529,0.8736948467497474,0.8213820078226858
G525,generated,3048,2754,1385,636,713,481,1.1067538126361656,0.8920056100981767
G526,generated,8488,6326,3071,1069,1123,691,1.3417641479607967,0.9519145146927872
G527,generated,12372,6476,2527,1231,1084,629,1.910438542310068,1.1356088560885609
G528,generated,26113,8212,2904,1743,1236,704,3.1798587433024843,1.4101941747572815
G529,generated,1986,2368,1249,512,630,458,0.8386824324324325,0.8126984126984127
G530,generated,4062,3443,1891,741,824,575,1.179785071158873,0.8992718446601942
G531,generated,12135,6291,3002,1128,982,625,1.9289461134954697,1.1486761710794298
G532,generated,14970,6876,2902,1266,1128,666,2.1771378708551485,1.122340425531915
G533,generated,21057,6262,2747,1590,1057,649,3.362663685723411,1.5042573320719017
G534,generated,50683,9491,3169,2610,1303,739,5.340111684753977,2.0030698388334613
G535,generated,3617,3874,1974,651,790,550,0.9336602994321115,0.8240506329113924
G536,generated,5944,3577,1801,832,840,559,1.6617277047805423,0.9904761904761905
G537,generated,11413,4735,2535,1086,922,615,2.410348468848997,1.177874186550976
G538,generated,29226,7796,3269,1734,1123,730,3.748845561826578,1.5440783615316118
G539,generated,45100,6158,2596,2300,1049,641,7.323806430659305,2.1925643469971403
G540,generated,96632,9285,3634,4258,1341,776,10.40732364028002,3.17524235645041
G541,generated,7482,6211,2968,913,967,618,1.2046369344710997,0.9441571871768356
G542,generated,7948,4820,1803,914,923,546,1.6489626556016597,0.9902491874322861
G543,generated,2907,2688,1411,639,712,506,1.0814732142857142,0.8974719101123596
G544,generated,8403,5101,2147,927,922,567,1.6473240541070377,1.0054229934924077
G545,generated,9673,4006,1261,970,783,465,2.4146280579131303,1.2388250319284801
G546,generated,27121,9655,3888,1952,1376,803,2.8090108751942,1.4186046511627908
G547,generated,1701,1789,879,456,543,381,0.9508105086640581,0.8397790055248618
G548,generated,3543,3250,1841,695,788,553,1.0901538461538463,0.881979695431472
G549,generated,4978,2791,1404,751,719,505,1.7835901110713006,1.0445062586926286
G550,generated,13956,5042,2246,1177,969,616,2.7679492264974215,1.2146542827657378
G551,generated,12135,6291,3002,1129,982,626,1.9289461134954697,1.14969450101833
G552,generated,12609,4419,1497,1020,816,490,2.8533604887983706,1.25
G553,generated,3180,2616,1285,566,637,467,1.2155963302752293,0.8885400313971743
G554,generated,6083,3165,1642,778,766,526,1.9219589257503948,1.0156657963446476
G555,generated,8416,2743,1227,867,687,465,3.068173532628509,1.262008733624454
G556,generated,22991,4437,1817,1391,869,562,5.181654270903763,1.6006904487917146
G557,generated,38201,4925,1673,2082,893,515,7.756548223350253,2.3314669652855544
G558,generated,110696,10754,3522,4306,1373,780,10.29347219639204,3.1361981063364897
G559,generated,1386,2013,949,452,575,392,0.6885245901639344,0.7860869565217391
G560,generated,2695,3184,1647,645,788,521,0.8464195979899497,0.8185279187817259
G561,generated,7482,6211,2968,913,967,618,1.2046369344710997,0.9441571871768356
G562,generated,6787,3874,1343,794,763,461,1.7519359834796076,1.0406290956749673
G563,generated,12392,5094,1675,1065,905,512,2.4326658814291324,1.1767955801104972
G564,generated,28185,9746,3556,1911,1407,779,2.891955674122717,1.3582089552238805
G565,generated,1983,2365,1249,519,633,460,0.8384778012684989,0.8199052132701422
G566,generated,3876,3898,2000,755,875,584,0.9943560800410467,0.8628571428571429
G567,generated,5028,2891,1446,751,729,492,1.7391905914908337,1.0301783264746227
G568,generated,14412,6955,3404,1321,1186,747,2.072178289000719,1.1138279932546373
G569,generated,17735,4371,1340,1325,815,464,4.057423930450698,1.6257668711656441
G570,generated,56353,9360,3035,2611,1280,716,6.020619658119658,2.03984375
G571,generated,21765,6372,3037,1509,994,631,3.4157250470809792,1.5181086519114688
G572,generated,24563,5749,1999,1531,939,567,4.272569142459558,1.6304579339723109
G573,generated,9853,3639,1923,1008,815,545,2.7076119813135477,1.2368098159509202
G574,generated,29223,6718,2905,1611,1095,688,4.349955343852337,1.4712328767123288
G575,generated,43443,5252,1890,2167,947,569,8.271706016755521,2.2882787750791973
G576,generated,99302,12244,3947,4376,1394,819,8.110258085592944,3.139167862266858
G577,generated,1470,2158,1007,476,604,409,0.6811862835959221,0.7880794701986755
G578,generated,2534,3111,1616,639,784,515,0.8145290903246545,0.8150510204081632
G579,generated,2877,2770,1341,621,701,471,1.0386281588447654,0.8858773181169758
G580,generated,8294,6619,3289,1045,1128,723,1.2530593745278742,0.9264184397163121
G581,generated,7482,6211,2968,913,967,618,1.2046369344710997,0.9441571871768356
G582,generated,8370,5043,1870,902,905,545,1.6597263533610946,0.9966850828729282
G583,generated,2376,2806,1429,569,699,492,0.8467569493941554,0.8140200286123033
G584,generated,4430,4613,2342,843,982,632,0.960329503576848,0.8584521384928717
G585,generated,4885,2883,1360,730,707,474,1.6944155393687133,1.0325318246110324
G586,generated,14414,5867,2863,1236,1050,673,2.4567922277143346,1.177142857142857
G587,generated,20261,4983,1569,1447,918,512,4.066024483243027,1.5762527233115469
G588,generated,53864,11082,4045,3013,1466,841,4.860494495578416,2.0552523874488404
G589,generated,3081,2502,1234,549,614,456,1.2314148681055155,0.8941368078175895
G590,generated,7049,3856,1945,827,834,556,1.8280601659751037,0.9916067146282974
G591,generated,21765,6372,3037,1509,994,631,3.4157250470809792,1.5181086519114688
G592,generated,28206,6961,2855,1627,1053,647,4.052004022410573,1.5451092117758785
G593,generated,36812,4437,1466,2029,856,512,8.296596799639396,2.3703271028037385
G594,generated,114232,13268,5522,4593,1635,978,8.609586976183298,2.8091743119266055
G595,generated,1256,1771,906,437,550,403,0.7092038396386222,0.7945454545454546
G596,generated,2860,3321,1715,663,803,528,0.8611863896416742,0.825653798256538
G597,generated,3343,3408,1566,695,801,509,0.9809272300469484,0.867665418227216
G598,generated,7638,4585,1890,903,893,552,1.665866957470011,1.0111982082866742
G599,generated,11159,4687,1648,1041,853,514,2.3808406229997865,1.2203985932004688
G600,generated,29919,11270,4590,2081,1576,892,2.6547471162377994,1.3204314720812182
P001,manual-public,1027,1377,699,332,409,308,0.7458242556281772,0.8117359413202934
P002,manual-public,1019,1369,696,333,410,308,0.7443389335281227,0.8121951219512196
P003,manual-public,1027,1377,699,332,409,308,0.7458242556281772,0.8117359413202934
P004,manual-public,995,1345,687,327,402,303,0.7397769516728625,0.8134328358208955
P005,manual-public,1043,1393,705,334,412,311,0.7487437185929648,0.8106796116504854
P006,manual-public,1035,1385,702,336,413,311,0.7472924187725631,0.8135593220338984
P007,manual-public,1156,1602,775,368,453,336,0.7215980024968789,0.8123620309050773
P008,manual-public,1043,1393,705,335,411,312,0.7487437185929648,0.8150851581508516
P009,manual-public,1027,1377,699,332,409,308,0.7458242556281772,0.8117359413202934
P010,manual-public,1051,1435,708,337,416,310,0.732404181184669,0.8100961538461539
P011,manual-public,1043,1427,705,338,416,312,0.7309039943938332,0.8125
P012,source-public,968,1201,606,317,380,301,0.8059950041631974,0.8342105263157895
P013,source-public,1008,1241,621,322,387,309,0.8122481869460113,0.8320413436692506
P014,source-public,968,1201,606,317,380,301,0.8059950041631974,0.8342105263157895
P015,source-public,1024,1257,627,321,383,306,0.8146380270485283,0.8381201044386423
P016,source-public,968,1201,606,317,380,301,0.8059950041631974,0.8342105263157895
P017,source-public,1008,1241,621,323,388,309,0.8122481869460113,0.8324742268041238
P018,source-public,1016,1249,624,321,387,309,0.8134507606084868,0.8294573643410853
P019,source-public,968,1201,606,316,381,302,0.8059950041631974,0.8293963254593176
P020,source-public,936,1169,594,315,379,298,0.8006843455945253,0.8311345646437994
P021,source-public,928,1161,591,315,378,298,0.7993109388458226,0.8333333333333334
P022,source-public,936,1169,594,315,379,298,0.8006843455945253,0.8311345646437994
P023,source-public,928,1161,591,315,378,298,0.7993109388458226,0.8333333333333334
P024,source-public,936,1169,594,310,373,294,0.8006843455945253,0.8310991957104558
P025,source-public,936,1169,594,315,376,298,0.8006843455945253,0.8377659574468085
P026,source-public,944,1177,597,316,379,298,0.8020390824129142,0.8337730870712401
P027,source-public,984,1217,612,321,386,305,0.8085456039441249,0.8316062176165803
P028,source-public,944,1177,597,312,375,295,0.8020390824129142,0.832
P029,source-public,992,1225,615,317,382,302,0.809795918367347,0.8298429319371727
P030,source-public,984,1217,612,318,383,303,0.8085456039441249,0.8302872062663186
P031,source-public,1040,1273,633,323,386,309,0.816967792615868,0.8367875647668394
P032,source-public,992,1225,615,317,382,302,0.809795918367347,0.8298429319371727
P033,source-public,976,1209,609,317,381,302,0.8072787427626137,0.8320209973753281
P034,source-public,1016,1249,624,323,388,309,0.8134507606084868,0.8324742268041238
P035,source-public,976,1209,609,313,376,299,0.8072787427626137,0.8324468085106383
P036,source-public,976,1209,609,313,376,299,0.8072787427626137,0.8324468085106383
P037,source-public,976,1209,609,317,381,302,0.8072787427626137,0.8320209973753281
P038,source-public,1016,1249,624,323,388,309,0.8134507606084868,0.8324742268041238
P039,source-public,1032,1265,630,319,383,306,0.8158102766798419,0.8328981723237598
P040,source-public,976,1209,609,313,376,299,0.8072787427626137,0.8324468085106383
