case,population,records,selected_pairs,unique_records,duplicates,selected_coordinates
F01,boundary,2,1,1,1,0
F02,boundary,2,1,1,1,0
F03,boundary,2,1,1,1,2
F04,boundary,2,1,1,1,2
F05,boundary,2,1,1,1,2
F06,boundary,2,1,2,0,2
F07,boundary,2,1,2,0,2
F08,boundary,2,1,1,1,0
F09,boundary,2,1,1,1,0
F10,boundary,2,1,1,1,2
F11,boundary,2,1,1,1,2
F12,boundary,2,1,1,1,2
F13,boundary,2,1,1,1,2
F14,boundary,2,1,1,1,0
F15,boundary,0,0,0,0,0
F16,boundary,2,1,1,1,0
F17,boundary,2,1,1,1,0
F18,boundary,2,1,1,1,0
F19,boundary,4,2,2,2,4
F20,boundary,2,1,1,1,2
F21,boundary,2,1,1,1,2
F22,boundary,2,1,1,1,2
F23,boundary,2,1,1,1,2
F24,boundary,16,8,8,8,0
G001,generated,2,1,1,1,8
G002,generated,4,2,3,1,6
G003,generated,2,1,1,1,2
G004,generated,4,2,3,1,14
G005,generated,2,1,1,1,8
G006,generated,4,2,4,0,12
G007,generated,2,1,1,1,0
G008,generated,4,2,2,2,4
G009,generated,2,1,2,0,4
G010,generated,4,2,2,2,8
G011,generated,2,1,1,1,8
G012,generated,4,2,3,1,6
G013,generated,2,1,1,1,2
G014,generated,4,2,2,2,4
G015,generated,2,1,2,0,2
G016,generated,4,2,2,2,8
G017,generated,2,1,1,1,4
G018,generated,4,2,3,1,12
G019,generated,2,1,1,1,2
G020,generated,2,1,1,1,2
G021,generated,2,1,1,1,8
G022,generated,4,2,3,1,10
G023,generated,2,1,2,0,6
G024,generated,4,2,3,1,15
G025,generated,2,1,1,1,2
G026,generated,4,2,2,2,4
G027,generated,2,1,2,0,4
G028,generated,4,2,2,2,6
G029,generated,2,1,2,0,4
G030,generated,4,2,4,0,13
G031,generated,2,1,1,1,8
G032,generated,4,2,3,1,6
G033,generated,2,1,2,0,2
G034,generated,4,2,3,1,8
G035,generated,2,1,1,1,6
G036,generated,4,2,4,0,12
G037,generated,2,1,1,1,2
G038,generated,2,1,1,1,2
G039,generated,2,1,2,0,4
G040,generated,4,2,3,1,8
G041,generated,2,1,1,1,8
G042,generated,4,2,3,1,8
G043,generated,2,1,1,1,2
G044,generated,4,2,2,2,4
G045,generated,2,1,2,0,2
G046,generated,4,2,3,1,12
G047,generated,2,1,1,1,6
G048,generated,4,2,4,0,9
G049,generated,2,1,1,1,2
G050,generated,4,2,2,2,2
G051,generated,2,1,1,1,8
G052,generated,4,2,3,1,6
G053,generated,2,1,1,1,4
G054,generated,4,2,2,2,4
G055,generated,2,1,1,1,2
G056,generated,0,0,0,0,0
G057,generated,2,1,2,0,4
G058,generated,4,2,2,2,8
G059,generated,2,1,1,1,6
G060,generated,4,2,4,0,12
G061,generated,2,1,1,1,8
G062,generated,4,2,3,1,10
G063,generated,2,1,2,0,4
G064,generated,4,2,2,2,4
G065,generated,2,1,2,0,6
G066,generated,4,2,4,0,10
G067,generated,2,1,1,1,0
G068,generated,2,1,1,1,2
G069,generated,2,1,2,0,2
G070,generated,4,2,4,0,8
G071,generated,2,1,1,1,8
G072,generated,4,2,3,1,6
G073,generated,2,1,1,1,2
G074,generated,2,1,1,1,2
G075,generated,2,1,2,0,4
G076,generated,4,2,2,2,8
G077,generated,2,1,2,0,4
G078,generated,4,2,4,0,13
G079,generated,2,1,1,1,2
G080,generated,4,2,2,2,4
G081,generated,2,1,1,1,8
G082,generated,4,2,3,1,10
G083,generated,2,1,2,0,6
G084,generated,4,2,3,1,4
G085,generated,2,1,1,1,2
G086,generated,4,2,2,2,2
G087,generated,2,1,2,0,4
G088,generated,4,2,4,0,10
G089,generated,2,1,1,1,2
G090,generated,4,2,4,0,12
G091,generated,2,1,1,1,8
G092,generated,4,2,3,1,6
G093,generated,2,1,2,0,4
G094,generated,4,2,3,1,6
G095,generated,2,1,2,0,6
G096,generated,4,2,2,2,10
G097,generated,2,1,1,1,2
G098,generated,4,2,2,2,4
G099,generated,2,1,2,0,4
G100,generated,4,2,3,1,8
G101,generated,2,1,1,1,8
G102,generated,4,2,3,1,12
G103,generated,2,1,1,1,2
G104,generated,2,1,1,1,2
G105,generated,2,1,2,0,4
G106,generated,4,2,2,2,16
G107,generated,2,1,1,1,2
G108,generated,4,2,2,2,6
G109,generated,2,1,1,1,2
G110,generated,2,1,1,1,2
G111,generated,2,1,1,1,8
G112,generated,4,2,3,1,10
G113,generated,2,1,2,0,8
G114,generated,4,2,2,2,12
G115,generated,2,1,1,1,2
G116,generated,4,2,2,2,4
G117,generated,2,1,2,0,4
G118,generated,4,2,4,0,8
G119,generated,2,1,1,1,8
G120,generated,4,2,4,0,14
G121,generated,2,1,1,1,8
G122,generated,4,2,3,1,10
G123,generated,2,1,2,0,2
G124,generated,4,2,4,0,8
G125,generated,2,1,1,1,4
G126,generated,4,2,3,1,10
G127,generated,2,1,1,1,2
G128,generated,0,0,0,0,0
G129,generated,2,1,2,0,4
G130,generated,4,2,4,0,8
G131,generated,2,1,1,1,8
G132,generated,4,2,3,1,6
G133,generated,2,1,1,1,2
G134,generated,4,2,2,2,4
G135,generated,2,1,2,0,4
G136,generated,2,1,1,1,6
G137,generated,2,1,1,1,6
G138,generated,2,1,2,0,6
G139,generated,2,1,1,1,2
G140,generated,2,1,1,1,2
G141,generated,2,1,1,1,8
G142,generated,4,2,3,1,8
G143,generated,2,1,1,1,6
G144,generated,4,2,3,1,5
G145,generated,2,1,1,1,2
G146,generated,0,0,0,0,0
G147,generated,2,1,2,0,4
G148,generated,4,2,3,1,8
G149,generated,2,1,1,1,2
G150,generated,4,2,3,1,13
G151,generated,2,1,1,1,8
G152,generated,4,2,3,1,8
G153,generated,2,1,2,0,2
G154,generated,4,2,4,0,8
G155,generated,2,1,2,0,4
G156,generated,4,2,4,0,9
G157,generated,2,1,1,1,2
G158,generated,4,2,2,2,4
G159,generated,2,1,2,0,4
G160,generated,4,2,2,2,6
G161,generated,2,1,1,1,8
G162,generated,4,2,3,1,8
G163,generated,2,1,1,1,2
G164,generated,2,1,1,1,2
G165,generated,2,1,2,0,4
G166,generated,4,2,3,1,10
G167,generated,2,1,2,0,4
G168,generated,4,2,3,1,10
G169,generated,2,1,1,1,2
G170,generated,2,1,1,1,2
G171,generated,2,1,1,1,8
G172,generated,4,2,3,1,10
G173,generated,2,1,1,1,4
G174,generated,4,2,3,1,11
G175,generated,2,1,1,1,0
G176,generated,2,1,1,1,2
G177,generated,2,1,2,0,4
G178,generated,4,2,2,2,6
G179,generated,2,1,1,1,4
G180,generated,4,2,3,1,9
G181,generated,2,1,1,1,8
G182,generated,4,2,3,1,12
G183,generated,2,1,1,1,2
G184,generated,4,2,3,1,12
G185,generated,2,1,1,1,6
G186,generated,4,2,4,0,12
G187,generated,2,1,1,1,2
G188,generated,4,2,2,2,4
G189,generated,2,1,2,0,4
G190,generated,4,2,2,2,4
G191,generated,2,1,1,1,8
G192,generated,4,2,3,1,8
G193,generated,2,1,1,1,2
G194,generated,4,2,2,2,2
G195,generated,2,1,2,0,4
G196,generated,4,2,4,0,10
G197,generated,2,1,1,1,2
G198,generated,4,2,3,1,9
G199,generated,2,1,1,1,2
G200,generated,2,1,1,1,2
G201,generated,2,1,1,1,8
G202,generated,4,2,3,1,10
G203,generated,2,1,1,1,6
G204,generated,4,2,2,2,10
G205,generated,2,1,1,1,0
G206,generated,4,2,2,2,4
G207,generated,2,1,2,0,4
G208,generated,4,2,3,1,8
G209,generated,2,1,2,0,4
G210,generated,4,2,4,0,12
G211,generated,2,1,1,1,8
G212,generated,4,2,3,1,8
G213,generated,2,1,1,1,2
G214,generated,4,2,2,2,10
G215,generated,2,1,1,1,4
G216,generated,4,2,4,0,13
G217,generated,2,1,1,1,2
G218,generated,0,0,0,0,0
G219,generated,2,1,2,0,4
G220,generated,4,2,4,0,10
G221,generated,2,1,1,1,8
G222,generated,4,2,3,1,8
G223,generated,2,1,1,1,2
G224,generated,4,2,2,2,4
G225,generated,2,1,2,0,4
G226,generated,4,2,4,0,8
G227,generated,2,1,1,1,6
G228,generated,4,2,3,1,11
G229,generated,2,1,1,1,2
G230,generated,4,2,2,2,2
G231,generated,2,1,1,1,8
G232,generated,4,2,3,1,6
G233,generated,2,1,1,1,2
G234,generated,4,2,4,0,8
G235,generated,2,1,1,1,2
G236,generated,0,0,0,0,0
G237,generated,2,1,2,0,4
G238,generated,4,2,3,1,8
G239,generated,2,1,1,1,6
G240,generated,4,2,2,2,8
G241,generated,2,1,1,1,8
G242,generated,4,2,3,1,8
G243,generated,2,1,2,0,4
G244,generated,4,2,3,1,6
G245,generated,2,1,1,1,8
G246,generated,4,2,3,1,12
G247,generated,2,1,1,1,2
G248,generated,2,1,1,1,2
G249,generated,2,1,2,0,2
G250,generated,4,2,3,1,10
G251,generated,2,1,1,1,8
G252,generated,4,2,3,1,10
G253,generated,2,1,1,1,2
G254,generated,2,1,1,1,2
G255,generated,2,1,2,0,4
G256,generated,4,2,3,1,10
G257,generated,2,1,1,1,6
G258,generated,4,2,3,1,9
G259,generated,2,1,1,1,2
G260,generated,4,2,2,2,4
G261,generated,2,1,1,1,8
G262,generated,4,2,3,1,10
G263,generated,2,1,1,1,4
G264,generated,4,2,3,1,4
G265,generated,2,1,1,1,2
G266,generated,4,2,2,2,4
G267,generated,2,1,2,0,4
G268,generated,4,2,4,0,8
G269,generated,2,1,1,1,6
G270,generated,4,2,4,0,13
G271,generated,2,1,1,1,8
G272,generated,4,2,3,1,8
G273,generated,2,1,2,0,4
G274,generated,4,2,3,1,8
G275,generated,2,1,2,0,8
G276,generated,4,2,4,0,11
G277,generated,2,1,1,1,2
G278,generated,4,2,2,2,4
G279,generated,2,1,2,0,4
G280,generated,4,2,3,1,8
G281,generated,2,1,1,1,8
G282,generated,4,2,3,1,10
G283,generated,2,1,1,1,2
G284,generated,2,1,1,1,2
G285,generated,2,1,2,0,2
G286,generated,4,2,4,0,6
G287,generated,2,1,1,1,6
G288,generated,4,2,3,1,10
G289,generated,2,1,1,1,2
G290,generated,2,1,1,1,2
G291,generated,2,1,1,1,8
G292,generated,4,2,3,1,6
G293,generated,2,1,1,1,8
G294,generated,4,2,3,1,13
G295,generated,2,1,1,1,0
G296,generated,2,1,1,1,2
G297,generated,2,1,2,0,2
G298,generated,4,2,3,1,8
G299,generated,2,1,2,0,6
G300,generated,2,1,2,0,7
G301,generated,2,1,1,1,8
G302,generated,4,2,3,1,6
G303,generated,2,1,2,0,4
G304,generated,4,2,2,2,6
G305,generated,2,1,1,1,6
G306,generated,4,2,3,1,8
G307,generated,2,1,1,1,2
G308,generated,0,0,0,0,0
G309,generated,2,1,1,1,2
G310,generated,4,2,3,1,10
G311,generated,2,1,1,1,8
G312,generated,4,2,3,1,8
G313,generated,2,1,1,1,0
G314,generated,4,2,2,2,4
G315,generated,2,1,2,0,4
G316,generated,4,2,3,1,10
G317,generated,2,1,1,1,6
G318,generated,4,2,4,0,13
G319,generated,2,1,1,1,0
G320,generated,2,1,1,1,2
G321,generated,2,1,1,1,8
G322,generated,4,2,3,1,8
G323,generated,2,1,1,1,4
G324,generated,4,2,3,1,11
G325,generated,2,1,1,1,2
G326,generated,2,1,1,1,2
G327,generated,2,1,2,0,4
G328,generated,4,2,2,2,12
G329,generated,2,1,1,1,6
G330,generated,4,2,2,2,6
G331,generated,2,1,1,1,8
G332,generated,4,2,3,1,10
G333,generated,2,1,2,0,4
G334,generated,4,2,3,1,6
G335,generated,2,1,2,0,6
G336,generated,4,2,4,0,11
G337,generated,2,1,1,1,2
G338,generated,4,2,2,2,4
G339,generated,2,1,2,0,4
G340,generated,4,2,2,2,8
G341,generated,2,1,1,1,8
G342,generated,4,2,3,1,6
G343,generated,2,1,1,1,2
G344,generated,2,1,1,1,2
G345,generated,2,1,2,0,4
G346,generated,4,2,4,0,12
G347,generated,2,1,2,0,6
G348,generated,4,2,3,1,10
G349,generated,2,1,1,1,2
G350,generated,2,1,1,1,2
G351,generated,2,1,1,1,8
G352,generated,4,2,3,1,8
G353,generated,2,1,2,0,6
G354,generated,4,2,4,0,13
G355,generated,2,1,1,1,2
G356,generated,2,1,1,1,2
G357,generated,2,1,2,0,4
G358,generated,4,2,3,1,8
G359,generated,2,1,1,1,4
G360,generated,4,2,3,1,10
G361,generated,2,1,1,1,8
G362,generated,4,2,3,1,10
G363,generated,2,1,2,0,4
G364,generated,4,2,3,1,10
G365,generated,2,1,1,1,6
G366,generated,4,2,4,0,14
G367,generated,2,1,1,1,2
G368,generated,4,2,2,2,4
G369,generated,2,1,2,0,4
G370,generated,4,2,2,2,10
G371,generated,2,1,1,1,8
G372,generated,4,2,3,1,10
G373,generated,2,1,1,1,2
G374,generated,4,2,2,2,4
G375,generated,2,1,2,0,2
G376,generated,4,2,2,2,6
G377,generated,2,1,1,1,4
G378,generated,4,2,2,2,6
G379,generated,2,1,1,1,2
G380,generated,2,1,1,1,2
G381,generated,2,1,1,1,8
G382,generated,4,2,3,1,10
G383,generated,2,1,2,0,4
G384,generated,4,2,3,1,12
G385,generated,2,1,1,1,2
G386,generated,4,2,2,2,4
G387,generated,2,1,2,0,4
G388,generated,4,2,4,0,12
G389,generated,2,1,1,1,6
G390,generated,4,2,3,1,12
G391,generated,2,1,1,1,8
G392,generated,4,2,3,1,10
G393,generated,2,1,2,0,4
G394,generated,4,2,4,0,6
G395,generated,2,1,1,1,2
G396,generated,4,2,4,0,12
G397,generated,2,1,1,1,2
G398,generated,0,0,0,0,0
G399,generated,2,1,2,0,4
G400,generated,4,2,3,1,8
G401,generated,2,1,1,1,8
G402,generated,4,2,3,1,6
G403,generated,2,1,1,1,2
G404,generated,2,1,1,1,2
G405,generated,2,1,2,0,4
G406,generated,4,2,4,0,10
G407,generated,2,1,1,1,4
G408,generated,4,2,3,1,14
G409,generated,2,1,1,1,0
G410,generated,4,2,2,2,2
G411,generated,2,1,1,1,8
G412,generated,4,2,3,1,8
G413,generated,2,1,1,1,6
G414,generated,4,2,4,0,12
G415,generated,2,1,1,1,2
G416,generated,2,1,1,1,2
G417,generated,2,1,2,0,4
G418,generated,4,2,3,1,8
G419,generated,2,1,1,1,4
G420,generated,4,2,3,1,10
G421,generated,2,1,1,1,8
G422,generated,4,2,3,1,8
G423,generated,2,1,2,0,4
G424,generated,4,2,3,1,8
G425,generated,2,1,2,0,6
G426,generated,4,2,3,1,11
G427,generated,2,1,1,1,2
G428,generated,2,1,1,1,2
G429,generated,2,1,2,0,2
G430,generated,4,2,3,1,8
G431,generated,2,1,1,1,8
G432,generated,4,2,3,1,8
G433,generated,2,1,1,1,2
G434,generated,2,1,1,1,2
G435,generated,2,1,2,0,4
G436,generated,4,2,4,0,12
G437,generated,2,1,1,1,8
G438,generated,4,2,4,0,13
G439,generated,2,1,1,1,2
G440,generated,4,2,2,2,4
G441,generated,2,1,1,1,8
G442,generated,4,2,3,1,8
G443,generated,2,1,2,0,4
G444,generated,4,2,4,0,13
G445,generated,2,1,1,1,2
G446,generated,2,1,1,1,2
G447,generated,2,1,1,1,2
G448,generated,4,2,3,1,10
G449,generated,2,1,1,1,4
G450,generated,4,2,3,1,7
G451,generated,2,1,1,1,8
G452,generated,4,2,3,1,8
G453,generated,2,1,2,0,4
G454,generated,4,2,2,2,8
G455,generated,2,1,1,1,4
G456,generated,4,2,4,0,15
G457,generated,2,1,1,1,2
G458,generated,2,1,1,1,2
G459,generated,2,1,2,0,4
G460,generated,4,2,4,0,8
G461,generated,2,1,1,1,8
G462,generated,4,2,3,1,6
G463,generated,2,1,1,1,2
G464,generated,2,1,1,1,2
G465,generated,2,1,2,0,4
G466,generated,4,2,3,1,6
G467,generated,2,1,1,1,4
G468,generated,4,2,3,1,9
G469,generated,2,1,1,1,2
G470,generated,2,1,1,1,2
G471,generated,2,1,1,1,8
G472,generated,4,2,3,1,8
G473,generated,2,1,2,0,8
G474,generated,4,2,3,1,11
G475,generated,2,1,1,1,2
G476,generated,4,2,2,2,4
G477,generated,2,1,2,0,4
G478,generated,4,2,3,1,12
G479,generated,2,1,2,0,4
G480,generated,4,2,4,0,10
G481,generated,2,1,1,1,8
G482,generated,4,2,3,1,10
G483,generated,2,1,2,0,2
G484,generated,4,2,3,1,8
G485,generated,2,1,1,1,4
G486,generated,4,2,3,1,7
G487,generated,2,1,1,1,2
G488,generated,2,1,1,1,2
G489,generated,2,1,1,1,2
G490,generated,4,2,4,0,8
G491,generated,2,1,1,1,8
G492,generated,4,2,3,1,10
G493,generated,2,1,1,1,0
G494,generated,4,2,2,2,4
G495,generated,2,1,2,0,4
G496,generated,4,2,3,1,8
G497,generated,2,1,2,0,6
G498,generated,4,2,4,0,10
G499,generated,2,1,1,1,2
G500,generated,2,1,1,1,2
G501,generated,2,1,1,1,8
G502,generated,4,2,3,1,10
G503,generated,2,1,1,1,2
G504,generated,4,2,4,0,10
G505,generated,2,1,1,1,2
G506,generated,2,1,1,1,2
G507,generated,2,1,2,0,4
G508,generated,4,2,3,1,14
G509,generated,2,1,1,1,6
G510,generated,4,2,4,0,16
G511,generated,2,1,1,1,8
G512,generated,4,2,3,1,8
G513,generated,2,1,2,0,4
G514,generated,4,2,4,0,8
G515,generated,2,1,1,1,4
G516,generated,4,2,4,0,12
G517,generated,2,1,1,1,2
G518,generated,4,2,2,2,4
G519,generated,2,1,2,0,2
G520,generated,4,2,3,1,8
G521,generated,2,1,1,1,8
G522,generated,4,2,3,1,8
G523,generated,2,1,1,1,2
G524,generated,0,0,0,0,0
G525,generated,2,1,2,0,4
G526,generated,4,2,3,1,12
G527,generated,2,1,2,0,8
G528,generated,2,1,2,0,6
G529,generated,2,1,1,1,2
G530,generated,2,1,1,1,2
G531,generated,2,1,1,1,8
G532,generated,4,2,3,1,10
G533,generated,2,1,2,0,8
G534,generated,4,2,4,0,9
G535,generated,2,1,1,1,2
G536,generated,2,1,1,1,2
G537,generated,2,1,2,0,4
G538,generated,4,2,2,2,8
G539,generated,2,1,1,1,8
G540,generated,4,2,3,1,13
G541,generated,2,1,1,1,8
G542,generated,4,2,3,1,8
G543,generated,2,1,2,0,4
G544,generated,4,2,4,0,8
G545,generated,2,1,1,1,4
G546,generated,4,2,2,2,12
G547,generated,2,1,1,1,2
G548,generated,4,2,2,2,4
G549,generated,2,1,2,0,2
G550,generated,4,2,4,0,8
G551,generated,2,1,1,1,8
G552,generated,4,2,3,1,6
G553,generated,2,1,1,1,0
G554,generated,4,2,2,2,0
G555,generated,2,1,1,1,0
G556,generated,4,2,4,0,4
G557,generated,2,1,1,1,6
G558,generated,4,2,3,1,8
G559,generated,2,1,1,1,2
G560,generated,2,1,1,1,2
G561,generated,2,1,1,1,8
G562,generated,4,2,3,1,6
G563,generated,2,1,1,1,6
G564,generated,4,2,4,0,13
G565,generated,2,1,1,1,2
G566,generated,4,2,2,2,4
G567,generated,2,1,2,0,4
G568,generated,4,2,2,2,10
G569,generated,2,1,1,1,4
G570,generated,4,2,3,1,8
G571,generated,2,1,1,1,8
G572,generated,4,2,3,1,6
G573,generated,2,1,2,0,4
G574,generated,4,2,2,2,8
G575,generated,2,1,1,1,6
G576,generated,4,2,3,1,8
G577,generated,2,1,1,1,2
G578,generated,2,1,1,1,2
G579,generated,2,1,2,0,4
G580,generated,4,2,3,1,12
G581,generated,2,1,1,1,8
G582,generated,4,2,3,1,8
G583,generated,2,1,1,1,2
G584,generated,4,2,2,2,4
G585,generated,2,1,2,0,2
G586,generated,4,2,4,0,10
G587,generated,2,1,1,1,4
G588,generated,4,2,4,0,14
G589,generated,2,1,1,1,0
G590,generated,4,2,2,2,0
G591,generated,2,1,1,1,8
G592,generated,4,2,3,1,8
G593,generated,2,1,1,1,4
G594,generated,4,2,4,0,13
G595,generated,2,1,1,1,2
G596,generated,2,1,1,1,2
G597,generated,2,1,2,0,4
G598,generated,4,2,3,1,6
G599,generated,2,1,1,1,6
G600,generated,4,2,4,0,14
P001,manual-public,2,1,1,1,0
P002,manual-public,2,1,1,1,0
P003,manual-public,2,1,1,1,0
P004,manual-public,2,1,1,1,0
P005,manual-public,2,1,1,1,0
P006,manual-public,2,1,1,1,0
P007,manual-public,2,1,1,1,0
P008,manual-public,2,1,1,1,0
P009,manual-public,2,1,1,1,0
P010,manual-public,2,1,1,1,0
P011,manual-public,2,1,1,1,0
P012,source-public,2,1,1,1,0
P013,source-public,2,1,1,1,0
P014,source-public,2,1,1,1,0
P015,source-public,2,1,1,1,0
P016,source-public,2,1,1,1,0
P017,source-public,2,1,1,1,0
P018,source-public,2,1,1,1,0
P019,source-public,2,1,1,1,0
P020,source-public,2,1,1,1,0
P021,source-public,2,1,1,1,0
P022,source-public,2,1,1,1,0
P023,source-public,2,1,1,1,0
P024,source-public,2,1,1,1,0
P025,source-public,2,1,1,1,0
P026,source-public,2,1,1,1,0
P027,source-public,2,1,1,1,0
P028,source-public,2,1,1,1,0
P029,source-public,2,1,1,1,0
P030,source-public,2,1,1,1,0
P031,source-public,2,1,1,1,0
P032,source-public,2,1,1,1,0
P033,source-public,2,1,1,1,0
P034,source-public,2,1,1,1,0
P035,source-public,2,1,1,1,0
P036,source-public,2,1,1,1,0
P037,source-public,2,1,1,1,0
P038,source-public,2,1,1,1,0
P039,source-public,2,1,1,1,0
P040,source-public,2,1,1,1,0
